-- SQL Seed Data for High School Student Management System
USE student_management;

SET FOREIGN_KEY_CHECKS = 0;
DELETE FROM chitiet_diem;
DELETE FROM phancong_giangday;
DELETE FROM hocsinh;
DELETE FROM giaovien;
DELETE FROM banquanly;
DELETE FROM taikhoan;
DELETE FROM hocky;
DELETE FROM monhoc;
DELETE FROM lop;
DELETE FROM thamso;
SET FOREIGN_KEY_CHECKS = 1;

-- 1. LOP
INSERT INTO lop (id_lop, si_so, ten_lop) VALUES
('L001', 10, '10A1'),
('L002', 11, '10A2'),
('L003', 12, '10A3'),
('L004', 11, '11B1'),
('L005', 10, '11B2'),
('L006', 15, '11B3'),
('L007', 11, '12C1'),
('L008', 15, '12C2'),
('L009', 10, '12C3');

-- 2. MONHOC
INSERT INTO monhoc (id_monhoc, ten_monhoc, trang_thai_su_dung) VALUES
('MH001', 'Toán', b'1'),
('MH002', 'Ngữ văn', b'1'),
('MH003', 'Tiếng Anh', b'1'),
('MH004', 'Vật lý', b'1'),
('MH005', 'Hóa học', b'1'),
('MH006', 'Sinh học', b'1'),
('MH007', 'Lịch sử', b'1'),
('MH008', 'Địa lý', b'1'),
('MH009', 'Giáo dục công dân', b'1'),
('MH010', 'Tin học', b'1'),
('MH011', 'Thể dục', b'1'),
('MH012', 'Công nghệ', b'1');

-- 3. HOCKY
INSERT INTO hocky (id_hocky, nam_hoc, ten_hocky) VALUES
('HKI', '2024', 'Học kỳ I'),
('HKII', '2024', 'Học kỳ II');

-- 4. THAMSO
INSERT INTO thamso (id_thamso, giatri_thamso, kieu_thamso, ten_thamso) VALUES
('TS001', '15', 1, 'QD1_MIN_TUOI'),
('TS002', '20', 1, 'QD1_MAX_TUOI'),
('TS003', '40', 1, 'QD2_SI_SO_TOI_DA'),
('TS004', '4', 1, 'QD2_SO_LOP_KHOI10'),
('TS005', '3', 1, 'QD2_SO_LOP_KHOI11'),
('TS006', '2', 1, 'QD2_SO_LOP_KHOI12'),
('TS007', '12', 1, 'QD4_SO_MON_HOC'),
('TS008', '5', 1, 'QD5_DIEM_DAT');

-- 5. TAIKHOAN
INSERT INTO taikhoan (id_taikhoan, active, cmnd, email, gioi_tinh, hash, loai_taikhoan, matkhau, ngay_sinh, sdt, ten, tendangnhap) VALUES
('ba6361e3-c05e-4637-93c2-4331b060b91c', b'1', '012345678901', 'admin@school.edu.vn', 'Nam', 'Admin@123', 'BANQUANLY', 'Admin@123', '1980-01-01', '0901234567', 'Nguyễn Văn Quân', 'admin01'),
('dedf0c08-5cfd-36eb-ad0a-a7ee1c69538d', b'1', '010529255519', 'gv01@school.edu.vn', 'Nam', 'Gv@123456', 'GIAOVIEN', 'Gv@123456', '1987-02-02', '0989796918', 'Phạm Văn Trung', 'gv01'),
('6803af5e-50bf-3242-8760-b104541021d7', b'1', '010781268743', 'gv02@school.edu.vn', 'Nam', 'Gv@123456', 'GIAOVIEN', 'Gv@123456', '1983-09-01', '0926576170', 'Lê Văn Minh', 'gv02'),
('a14be9ea-eaa6-37c2-a629-d1fedf3114d4', b'1', '010380917387', 'gv03@school.edu.vn', 'Nam', 'Gv@123456', 'GIAOVIEN', 'Gv@123456', '1989-10-15', '0914307458', 'Dương Minh Khoa', 'gv03'),
('da679d6d-8aac-3e7f-bf73-b355b643d783', b'1', '010361490713', 'gv04@school.edu.vn', 'Nam', 'Gv@123456', 'GIAOVIEN', 'Gv@123456', '1992-12-13', '0980708093', 'Vũ Minh Hải', 'gv04'),
('4e6eed49-2426-3a6c-bcab-953fb036df0f', b'1', '010067470157', 'gv05@school.edu.vn', 'Nam', 'Gv@123456', 'GIAOVIEN', 'Gv@123456', '1992-07-28', '0915016935', 'Đỗ Xuân Bình', 'gv05'),
('e2b3fb55-1c44-3b4c-908a-fee293974e5b', b'1', '010632028261', 'gv06@school.edu.vn', 'Nữ', 'Gv@123456', 'GIAOVIEN', 'Gv@123456', '1977-11-22', '0993204059', 'Phan Thu Diệp', 'gv06'),
('13f1f30e-ac79-341e-938b-cf7ea3ee3f1c', b'1', '010467183775', 'gv07@school.edu.vn', 'Nữ', 'Gv@123456', 'GIAOVIEN', 'Gv@123456', '1983-03-07', '0955329719', 'Lý Như Linh', 'gv07'),
('af8c375d-50e8-3af7-a8b0-d0ff5590cf8a', b'1', '010115090625', 'gv08@school.edu.vn', 'Nữ', 'Gv@123456', 'GIAOVIEN', 'Gv@123456', '1976-06-27', '0964582460', 'Hồ Ngọc Giang', 'gv08'),
('44633ca4-1795-358e-9493-150f993d8457', b'1', '010088500398', 'gv09@school.edu.vn', 'Nữ', 'Gv@123456', 'GIAOVIEN', 'Gv@123456', '1985-10-10', '0983536744', 'Hoàng Hồng Phương', 'gv09'),
('277f9b35-6b1e-315a-b1aa-145bb07ec7ca', b'1', '010144945476', 'gv10@school.edu.vn', 'Nữ', 'Gv@123456', 'GIAOVIEN', 'Gv@123456', '1992-04-18', '0953643976', 'Vũ Phương Hân', 'gv10'),
('e8f6d09f-0f7a-3bba-97ef-e0eccac60b18', b'1', '010327545275', 'gv11@school.edu.vn', 'Nữ', 'Gv@123456', 'GIAOVIEN', 'Gv@123456', '1986-08-14', '0970863246', 'Đỗ Thị Oanh', 'gv11'),
('a6e1dc1e-edaf-3dc3-b66c-e3a11a95c763', b'1', '010803930606', 'gv12@school.edu.vn', 'Nữ', 'Gv@123456', 'GIAOVIEN', 'Gv@123456', '1993-07-23', '0924557795', 'Hoàng Kim Vân', 'gv12');

-- 6. BANQUANLY
INSERT INTO banquanly (id_banql, id_taikhoan) VALUES ('BQL001', 'ba6361e3-c05e-4637-93c2-4331b060b91c');

-- 7. GIAOVIEN
INSERT INTO giaovien (id_giaovien, luong, id_lop, id_lop_chunhiem, id_monhoc, id_taikhoan) VALUES
('GV001', 11118093, 'L001', 'L001', 'MH001', 'dedf0c08-5cfd-36eb-ad0a-a7ee1c69538d'),
('GV002', 13572209, 'L002', 'L002', 'MH002', '6803af5e-50bf-3242-8760-b104541021d7'),
('GV003', 13298246, 'L003', 'L003', 'MH003', 'a14be9ea-eaa6-37c2-a629-d1fedf3114d4'),
('GV004', 13781164, 'L004', 'L004', 'MH004', 'da679d6d-8aac-3e7f-bf73-b355b643d783'),
('GV005', 14748443, 'L005', 'L005', 'MH005', '4e6eed49-2426-3a6c-bcab-953fb036df0f'),
('GV006', 14626003, 'L006', 'L006', 'MH006', 'e2b3fb55-1c44-3b4c-908a-fee293974e5b'),
('GV007', 12669499, 'L007', 'L007', 'MH007', '13f1f30e-ac79-341e-938b-cf7ea3ee3f1c'),
('GV008', 12112093, 'L008', 'L008', 'MH008', 'af8c375d-50e8-3af7-a8b0-d0ff5590cf8a'),
('GV009', 14774479, 'L009', 'L009', 'MH009', '44633ca4-1795-358e-9493-150f993d8457'),
('GV010', 12173328, 'L001', 'L001', 'MH010', '277f9b35-6b1e-315a-b1aa-145bb07ec7ca'),
('GV011', 12552522, 'L002', 'L002', 'MH011', 'e8f6d09f-0f7a-3bba-97ef-e0eccac60b18'),
('GV012', 11755679, 'L003', 'L003', 'MH012', 'a6e1dc1e-edaf-3dc3-b66c-e3a11a95c763');

-- 8. HOCSINH
INSERT INTO hocsinh (id_hocsinh, dia_chi, email, gioi_tinh, ngay_sinh, ten, id_lop) VALUES
('HS001', '913 Đường Lê Lợi, Tiền Giang', 'hs001@gmail.com', 'Nữ', '2015-01-15', 'Đặng Thanh Xuân', 'L001'),
('HS002', '98 Đường Lê Lợi, Hà Nội', 'hs002@gmail.com', 'Nam', '2015-05-21', 'Võ Anh Việt', 'L001'),
('HS003', '933 Đường Lê Lợi, Vũng Tàu', 'hs003@gmail.com', 'Nam', '2015-12-26', 'Lê Đăng Hải', 'L001'),
('HS004', '145 Đường Lê Lợi, Đắk Lắk', 'hs004@gmail.com', 'Nữ', '2015-06-19', 'Phạm Mỹ Diệp', 'L001'),
('HS005', '391 Đường Lê Lợi, Hải Phòng', 'hs005@gmail.com', 'Nữ', '2015-12-07', 'Trần Thanh Dung', 'L001'),
('HS006', '339 Đường Lê Lợi, Vũng Tàu', 'hs006@gmail.com', 'Nữ', '2015-07-07', 'Phan Thu Oanh', 'L001'),
('HS007', '571 Đường Lê Lợi, Long An', 'hs007@gmail.com', 'Nữ', '2015-01-23', 'Lý Thu An', 'L001'),
('HS008', '749 Đường Lê Lợi, Khánh Hòa', 'hs008@gmail.com', 'Nữ', '2015-02-15', 'Hoàng Trúc Huyền', 'L001'),
('HS009', '783 Đường Lê Lợi, Đắk Lắk', 'hs009@gmail.com', 'Nữ', '2015-04-11', 'Vũ Kim Quỳnh', 'L001'),
('HS010', '204 Đường Lê Lợi, Khánh Hòa', 'hs010@gmail.com', 'Nam', '2015-12-18', 'Vũ Xuân Hải', 'L001'),
('HS011', '393 Đường Lê Lợi, Tiền Giang', 'hs011@gmail.com', 'Nam', '2015-12-20', 'Dương Hoàng Bình', 'L002'),
('HS012', '106 Đường Lê Lợi, Tiền Giang', 'hs012@gmail.com', 'Nam', '2015-10-02', 'Hồ Thanh Long', 'L002'),
('HS013', '156 Đường Lê Lợi, Khánh Hòa', 'hs013@gmail.com', 'Nam', '2015-11-16', 'Võ Tuấn Bình', 'L002'),
('HS014', '281 Đường Lê Lợi, Lâm Đồng', 'hs014@gmail.com', 'Nữ', '2015-07-15', 'Nguyễn Mỹ Quỳnh', 'L002'),
('HS015', '163 Đường Lê Lợi, Hà Nội', 'hs015@gmail.com', 'Nữ', '2015-07-04', 'Vũ Ngọc Dung', 'L002'),
('HS016', '65 Đường Lê Lợi, TP. Hồ Chí Minh', 'hs016@gmail.com', 'Nữ', '2015-12-24', 'Nguyễn Kim Quỳnh', 'L002'),
('HS017', '415 Đường Lê Lợi, Đà Nẵng', 'hs017@gmail.com', 'Nữ', '2015-05-12', 'Bùi Thị Vân', 'L002'),
('HS018', '460 Đường Lê Lợi, Khánh Hòa', 'hs018@gmail.com', 'Nam', '2015-01-12', 'Vũ Minh Minh', 'L002'),
('HS019', '782 Đường Lê Lợi, Long An', 'hs019@gmail.com', 'Nữ', '2015-08-20', 'Trần Phương Vân', 'L002'),
('HS020', '570 Đường Lê Lợi, Cần Thơ', 'hs020@gmail.com', 'Nam', '2015-10-07', 'Vũ Thanh Trung', 'L002'),
('HS021', '671 Đường Lê Lợi, Tiền Giang', 'hs021@gmail.com', 'Nam', '2015-04-20', 'Lê Xuân Hải', 'L002'),
('HS022', '575 Đường Lê Lợi, Bình Dương', 'hs022@gmail.com', 'Nữ', '2015-08-10', 'Lý Hồng Trang', 'L003'),
('HS023', '419 Đường Lê Lợi, Đắk Lắk', 'hs023@gmail.com', 'Nam', '2015-09-07', 'Đỗ Gia Nam', 'L003'),
('HS024', '566 Đường Lê Lợi, Đắk Lắk', 'hs024@gmail.com', 'Nam', '2015-06-14', 'Ngô Anh Sơn', 'L003'),
('HS025', '937 Đường Lê Lợi, Đồng Nai', 'hs025@gmail.com', 'Nam', '2015-10-19', 'Dương Thanh Cường', 'L003'),
('HS026', '534 Đường Lê Lợi, Quảng Nam', 'hs026@gmail.com', 'Nam', '2015-04-03', 'Đặng Hoàng Tuấn', 'L003'),
('HS027', '137 Đường Lê Lợi, Quảng Nam', 'hs027@gmail.com', 'Nữ', '2015-11-13', 'Vũ Thị Oanh', 'L003'),
('HS028', '915 Đường Lê Lợi, Đồng Nai', 'hs028@gmail.com', 'Nữ', '2015-05-25', 'Lê Thị Oanh', 'L003'),
('HS029', '382 Đường Lê Lợi, TP. Hồ Chí Minh', 'hs029@gmail.com', 'Nam', '2015-11-10', 'Phan Hữu Tuấn', 'L003'),
('HS030', '62 Đường Lê Lợi, Lâm Đồng', 'hs030@gmail.com', 'Nam', '2015-07-01', 'Lý Quốc Đạt', 'L003');
INSERT INTO hocsinh (id_hocsinh, dia_chi, email, gioi_tinh, ngay_sinh, ten, id_lop) VALUES
('HS031', '282 Đường Lê Lợi, Lâm Đồng', 'hs031@gmail.com', 'Nam', '2015-12-10', 'Lê Anh Bình', 'L003'),
('HS032', '522 Đường Lê Lợi, Lâm Đồng', 'hs032@gmail.com', 'Nam', '2015-10-03', 'Lý Thanh Trung', 'L003'),
('HS033', '438 Đường Lê Lợi, Đắk Lắk', 'hs033@gmail.com', 'Nữ', '2015-11-14', 'Võ Thanh Huyền', 'L003'),
('HS034', '418 Đường Lê Lợi, Khánh Hòa', 'hs034@gmail.com', 'Nữ', '2014-08-28', 'Đặng Phương Dung', 'L004'),
('HS035', '929 Đường Lê Lợi, Vũng Tàu', 'hs035@gmail.com', 'Nữ', '2014-05-03', 'Lý Ngọc Thảo', 'L004'),
('HS036', '295 Đường Lê Lợi, Khánh Hòa', 'hs036@gmail.com', 'Nữ', '2014-03-16', 'Lý Như Lan', 'L004'),
('HS037', '368 Đường Lê Lợi, Lâm Đồng', 'hs037@gmail.com', 'Nam', '2014-07-07', 'Lê Đăng Khoa', 'L004'),
('HS038', '275 Đường Lê Lợi, Đồng Nai', 'hs038@gmail.com', 'Nữ', '2014-02-03', 'Lê Thanh Thảo', 'L004'),
('HS039', '44 Đường Lê Lợi, Khánh Hòa', 'hs039@gmail.com', 'Nam', '2014-10-20', 'Bùi Hữu Anh', 'L004'),
('HS040', '904 Đường Lê Lợi, Hà Nội', 'hs040@gmail.com', 'Nam', '2014-01-15', 'Lý Đăng Nam', 'L004'),
('HS041', '938 Đường Lê Lợi, Hà Nội', 'hs041@gmail.com', 'Nữ', '2014-03-22', 'Nguyễn Trúc Mai', 'L004'),
('HS042', '397 Đường Lê Lợi, Hải Phòng', 'hs042@gmail.com', 'Nam', '2014-02-03', 'Hồ Gia Minh', 'L004'),
('HS043', '573 Đường Lê Lợi, Thừa Thiên Huế', 'hs043@gmail.com', 'Nữ', '2014-01-05', 'Dương Ngọc Diệp', 'L004'),
('HS044', '425 Đường Lê Lợi, Vũng Tàu', 'hs044@gmail.com', 'Nữ', '2014-07-27', 'Trần Hồng Hà', 'L004'),
('HS045', '468 Đường Lê Lợi, Cần Thơ', 'hs045@gmail.com', 'Nữ', '2014-03-20', 'Phan Phương Lan', 'L005'),
('HS046', '195 Đường Lê Lợi, Hà Nội', 'hs046@gmail.com', 'Nam', '2014-11-07', 'Bùi Gia Việt', 'L005'),
('HS047', '124 Đường Lê Lợi, Bình Dương', 'hs047@gmail.com', 'Nữ', '2014-02-22', 'Dương Phương Linh', 'L005'),
('HS048', '410 Đường Lê Lợi, Cần Thơ', 'hs048@gmail.com', 'Nam', '2014-10-09', 'Bùi Thanh Trung', 'L005'),
('HS049', '577 Đường Lê Lợi, Cần Thơ', 'hs049@gmail.com', 'Nam', '2014-08-08', 'Đặng Anh Cường', 'L005'),
('HS050', '107 Đường Lê Lợi, Long An', 'hs050@gmail.com', 'Nữ', '2014-06-05', 'Trần Khánh Oanh', 'L005'),
('HS051', '859 Đường Lê Lợi, Vũng Tàu', 'hs051@gmail.com', 'Nữ', '2014-06-21', 'Bùi Cát Huyền', 'L005'),
('HS052', '441 Đường Lê Lợi, Vũng Tàu', 'hs052@gmail.com', 'Nam', '2014-03-15', 'Đặng Hoàng Minh', 'L005'),
('HS053', '715 Đường Lê Lợi, Bình Dương', 'hs053@gmail.com', 'Nữ', '2014-08-02', 'Vũ Thanh Linh', 'L005'),
('HS054', '739 Đường Lê Lợi, TP. Hồ Chí Minh', 'hs054@gmail.com', 'Nữ', '2014-10-15', 'Ngô Như Huyền', 'L005'),
('HS055', '603 Đường Lê Lợi, Bình Dương', 'hs055@gmail.com', 'Nữ', '2014-10-17', 'Lý Ngọc Dương', 'L006'),
('HS056', '963 Đường Lê Lợi, Hà Nội', 'hs056@gmail.com', 'Nam', '2014-02-24', 'Dương Gia Việt', 'L006'),
('HS057', '908 Đường Lê Lợi, Thừa Thiên Huế', 'hs057@gmail.com', 'Nam', '2014-04-07', 'Lê Hữu Việt', 'L006'),
('HS058', '760 Đường Lê Lợi, Tiền Giang', 'hs058@gmail.com', 'Nam', '2014-03-24', 'Trần Xuân Anh', 'L006'),
('HS059', '642 Đường Lê Lợi, Hà Nội', 'hs059@gmail.com', 'Nam', '2014-01-19', 'Võ Quốc Phúc', 'L006'),
('HS060', '731 Đường Lê Lợi, Lâm Đồng', 'hs060@gmail.com', 'Nữ', '2014-01-02', 'Hồ Thu Dung', 'L006');
INSERT INTO hocsinh (id_hocsinh, dia_chi, email, gioi_tinh, ngay_sinh, ten, id_lop) VALUES
('HS061', '840 Đường Lê Lợi, Hải Phòng', 'hs061@gmail.com', 'Nam', '2014-03-28', 'Trần Đức Sơn', 'L006'),
('HS062', '61 Đường Lê Lợi, Quảng Nam', 'hs062@gmail.com', 'Nam', '2014-03-08', 'Đỗ Thanh Hải', 'L006'),
('HS063', '279 Đường Lê Lợi, Hải Phòng', 'hs063@gmail.com', 'Nữ', '2014-05-18', 'Đặng Phương Hoa', 'L006'),
('HS064', '878 Đường Lê Lợi, Đồng Nai', 'hs064@gmail.com', 'Nam', '2014-02-22', 'Trần Đức Đạt', 'L006'),
('HS065', '403 Đường Lê Lợi, Cần Thơ', 'hs065@gmail.com', 'Nam', '2014-01-05', 'Ngô Anh Đạt', 'L006'),
('HS066', '451 Đường Lê Lợi, Hà Nội', 'hs066@gmail.com', 'Nam', '2014-02-21', 'Lê Đức Phúc', 'L006'),
('HS067', '977 Đường Lê Lợi, Khánh Hòa', 'hs067@gmail.com', 'Nữ', '2014-06-26', 'Trần Phương Ngọc', 'L006'),
('HS068', '132 Đường Lê Lợi, Hải Phòng', 'hs068@gmail.com', 'Nữ', '2014-12-04', 'Đỗ Mỹ Trang', 'L006'),
('HS069', '394 Đường Lê Lợi, Bình Dương', 'hs069@gmail.com', 'Nữ', '2014-09-01', 'Phạm Thị Linh', 'L006'),
('HS070', '253 Đường Lê Lợi, Đắk Lắk', 'hs070@gmail.com', 'Nữ', '2013-05-13', 'Bùi Như Xuân', 'L007'),
('HS071', '282 Đường Lê Lợi, Cần Thơ', 'hs071@gmail.com', 'Nữ', '2013-05-04', 'Lê Thanh Quỳnh', 'L007'),
('HS072', '934 Đường Lê Lợi, TP. Hồ Chí Minh', 'hs072@gmail.com', 'Nữ', '2013-12-19', 'Đỗ Như Giang', 'L007'),
('HS073', '597 Đường Lê Lợi, Khánh Hòa', 'hs073@gmail.com', 'Nữ', '2013-10-13', 'Đỗ Phương Nga', 'L007'),
('HS074', '689 Đường Lê Lợi, Khánh Hòa', 'hs074@gmail.com', 'Nam', '2013-07-16', 'Trần Tuấn Cường', 'L007'),
('HS075', '913 Đường Lê Lợi, Vũng Tàu', 'hs075@gmail.com', 'Nam', '2013-07-07', 'Lý Minh Thắng', 'L007'),
('HS076', '519 Đường Lê Lợi, TP. Hồ Chí Minh', 'hs076@gmail.com', 'Nam', '2013-10-28', 'Võ Gia Thắng', 'L007'),
('HS077', '90 Đường Lê Lợi, Đồng Nai', 'hs077@gmail.com', 'Nữ', '2013-01-08', 'Đỗ Hồng Dung', 'L007'),
('HS078', '416 Đường Lê Lợi, Vũng Tàu', 'hs078@gmail.com', 'Nam', '2013-11-16', 'Lý Gia Phúc', 'L007'),
('HS079', '745 Đường Lê Lợi, Đắk Lắk', 'hs079@gmail.com', 'Nữ', '2013-12-28', 'Đặng Mỹ Bình', 'L007'),
('HS080', '669 Đường Lê Lợi, Tiền Giang', 'hs080@gmail.com', 'Nam', '2013-05-22', 'Trần Đăng Đạt', 'L007'),
('HS081', '541 Đường Lê Lợi, Lâm Đồng', 'hs081@gmail.com', 'Nam', '2013-05-23', 'Lê Anh Huy', 'L008'),
('HS082', '186 Đường Lê Lợi, Khánh Hòa', 'hs082@gmail.com', 'Nam', '2013-02-04', 'Ngô Hoàng Phúc', 'L008'),
('HS083', '370 Đường Lê Lợi, Hải Phòng', 'hs083@gmail.com', 'Nam', '2013-08-14', 'Đỗ Hoàng Thắng', 'L008'),
('HS084', '556 Đường Lê Lợi, Vũng Tàu', 'hs084@gmail.com', 'Nam', '2013-06-22', 'Trần Anh Thắng', 'L008'),
('HS085', '346 Đường Lê Lợi, Lâm Đồng', 'hs085@gmail.com', 'Nữ', '2013-03-28', 'Bùi Kim Dương', 'L008'),
('HS086', '322 Đường Lê Lợi, Quảng Nam', 'hs086@gmail.com', 'Nam', '2013-06-08', 'Lý Gia Đạt', 'L008'),
('HS087', '155 Đường Lê Lợi, Long An', 'hs087@gmail.com', 'Nữ', '2013-02-25', 'Dương Trúc Nhi', 'L008'),
('HS088', '155 Đường Lê Lợi, Đắk Lắk', 'hs088@gmail.com', 'Nam', '2013-06-20', 'Hồ Hữu Hùng', 'L008'),
('HS089', '959 Đường Lê Lợi, Cần Thơ', 'hs089@gmail.com', 'Nữ', '2013-07-23', 'Trần Cát Linh', 'L008'),
('HS090', '315 Đường Lê Lợi, Đồng Nai', 'hs090@gmail.com', 'Nam', '2013-05-27', 'Võ Quốc Hải', 'L008');
INSERT INTO hocsinh (id_hocsinh, dia_chi, email, gioi_tinh, ngay_sinh, ten, id_lop) VALUES
('HS091', '189 Đường Lê Lợi, Thừa Thiên Huế', 'hs091@gmail.com', 'Nữ', '2013-09-15', 'Đỗ Như Giang', 'L008'),
('HS092', '950 Đường Lê Lợi, Lâm Đồng', 'hs092@gmail.com', 'Nữ', '2013-05-13', 'Phan Như Minh', 'L008'),
('HS093', '900 Đường Lê Lợi, Vũng Tàu', 'hs093@gmail.com', 'Nữ', '2013-01-02', 'Đặng Kim Nhi', 'L008'),
('HS094', '68 Đường Lê Lợi, Bình Dương', 'hs094@gmail.com', 'Nam', '2013-07-23', 'Phạm Quốc Hoàng', 'L008'),
('HS095', '125 Đường Lê Lợi, Bình Dương', 'hs095@gmail.com', 'Nữ', '2013-11-28', 'Hoàng Thu Huyền', 'L008'),
('HS096', '930 Đường Lê Lợi, Long An', 'hs096@gmail.com', 'Nam', '2013-09-09', 'Bùi Anh Bình', 'L009'),
('HS097', '422 Đường Lê Lợi, Tiền Giang', 'hs097@gmail.com', 'Nam', '2013-10-19', 'Ngô Quốc Phúc', 'L009'),
('HS098', '486 Đường Lê Lợi, Tiền Giang', 'hs098@gmail.com', 'Nam', '2013-01-05', 'Đỗ Anh Việt', 'L009'),
('HS099', '568 Đường Lê Lợi, Đà Nẵng', 'hs099@gmail.com', 'Nam', '2013-08-25', 'Hoàng Văn Sơn', 'L009'),
('HS100', '732 Đường Lê Lợi, Đồng Nai', 'hs100@gmail.com', 'Nam', '2013-09-28', 'Vũ Anh Minh', 'L009'),
('HS101', '549 Đường Lê Lợi, Long An', 'hs101@gmail.com', 'Nữ', '2013-02-01', 'Trần Kim Phương', 'L009'),
('HS102', '756 Đường Lê Lợi, Long An', 'hs102@gmail.com', 'Nam', '2013-07-25', 'Vũ Văn Quân', 'L009'),
('HS103', '159 Đường Lê Lợi, Lâm Đồng', 'hs103@gmail.com', 'Nam', '2013-09-02', 'Ngô Anh Thành', 'L009'),
('HS104', '475 Đường Lê Lợi, Hà Nội', 'hs104@gmail.com', 'Nam', '2013-02-21', 'Ngô Anh Dũng', 'L009'),
('HS105', '334 Đường Lê Lợi, Tiền Giang', 'hs105@gmail.com', 'Nam', '2013-05-10', 'Dương Hữu Vy', 'L009');

-- 9. PHANCONG_GIANGDAY
INSERT INTO phancong_giangday (id_phancong, id_giaovien, id_hocky, id_lop, id_monhoc) VALUES
('PC_GV001_L001_MH001_HKI', 'GV001', 'HKI', 'L001', 'MH001'),
('PC_GV001_L001_MH001_HKII', 'GV001', 'HKII', 'L001', 'MH001'),
('PC_GV002_L001_MH002_HKI', 'GV002', 'HKI', 'L001', 'MH002'),
('PC_GV002_L001_MH002_HKII', 'GV002', 'HKII', 'L001', 'MH002'),
('PC_GV003_L001_MH003_HKI', 'GV003', 'HKI', 'L001', 'MH003'),
('PC_GV003_L001_MH003_HKII', 'GV003', 'HKII', 'L001', 'MH003'),
('PC_GV004_L001_MH004_HKI', 'GV004', 'HKI', 'L001', 'MH004'),
('PC_GV004_L001_MH004_HKII', 'GV004', 'HKII', 'L001', 'MH004'),
('PC_GV005_L001_MH005_HKI', 'GV005', 'HKI', 'L001', 'MH005'),
('PC_GV005_L001_MH005_HKII', 'GV005', 'HKII', 'L001', 'MH005'),
('PC_GV006_L001_MH006_HKI', 'GV006', 'HKI', 'L001', 'MH006'),
('PC_GV006_L001_MH006_HKII', 'GV006', 'HKII', 'L001', 'MH006'),
('PC_GV007_L001_MH007_HKI', 'GV007', 'HKI', 'L001', 'MH007'),
('PC_GV007_L001_MH007_HKII', 'GV007', 'HKII', 'L001', 'MH007'),
('PC_GV008_L001_MH008_HKI', 'GV008', 'HKI', 'L001', 'MH008'),
('PC_GV008_L001_MH008_HKII', 'GV008', 'HKII', 'L001', 'MH008'),
('PC_GV009_L001_MH009_HKI', 'GV009', 'HKI', 'L001', 'MH009'),
('PC_GV009_L001_MH009_HKII', 'GV009', 'HKII', 'L001', 'MH009'),
('PC_GV010_L001_MH010_HKI', 'GV010', 'HKI', 'L001', 'MH010'),
('PC_GV010_L001_MH010_HKII', 'GV010', 'HKII', 'L001', 'MH010'),
('PC_GV011_L001_MH011_HKI', 'GV011', 'HKI', 'L001', 'MH011'),
('PC_GV011_L001_MH011_HKII', 'GV011', 'HKII', 'L001', 'MH011'),
('PC_GV012_L001_MH012_HKI', 'GV012', 'HKI', 'L001', 'MH012'),
('PC_GV012_L001_MH012_HKII', 'GV012', 'HKII', 'L001', 'MH012'),
('PC_GV001_L002_MH001_HKI', 'GV001', 'HKI', 'L002', 'MH001'),
('PC_GV001_L002_MH001_HKII', 'GV001', 'HKII', 'L002', 'MH001'),
('PC_GV002_L002_MH002_HKI', 'GV002', 'HKI', 'L002', 'MH002'),
('PC_GV002_L002_MH002_HKII', 'GV002', 'HKII', 'L002', 'MH002'),
('PC_GV003_L002_MH003_HKI', 'GV003', 'HKI', 'L002', 'MH003'),
('PC_GV003_L002_MH003_HKII', 'GV003', 'HKII', 'L002', 'MH003');
INSERT INTO phancong_giangday (id_phancong, id_giaovien, id_hocky, id_lop, id_monhoc) VALUES
('PC_GV004_L002_MH004_HKI', 'GV004', 'HKI', 'L002', 'MH004'),
('PC_GV004_L002_MH004_HKII', 'GV004', 'HKII', 'L002', 'MH004'),
('PC_GV005_L002_MH005_HKI', 'GV005', 'HKI', 'L002', 'MH005'),
('PC_GV005_L002_MH005_HKII', 'GV005', 'HKII', 'L002', 'MH005'),
('PC_GV006_L002_MH006_HKI', 'GV006', 'HKI', 'L002', 'MH006'),
('PC_GV006_L002_MH006_HKII', 'GV006', 'HKII', 'L002', 'MH006'),
('PC_GV007_L002_MH007_HKI', 'GV007', 'HKI', 'L002', 'MH007'),
('PC_GV007_L002_MH007_HKII', 'GV007', 'HKII', 'L002', 'MH007'),
('PC_GV008_L002_MH008_HKI', 'GV008', 'HKI', 'L002', 'MH008'),
('PC_GV008_L002_MH008_HKII', 'GV008', 'HKII', 'L002', 'MH008'),
('PC_GV009_L002_MH009_HKI', 'GV009', 'HKI', 'L002', 'MH009'),
('PC_GV009_L002_MH009_HKII', 'GV009', 'HKII', 'L002', 'MH009'),
('PC_GV010_L002_MH010_HKI', 'GV010', 'HKI', 'L002', 'MH010'),
('PC_GV010_L002_MH010_HKII', 'GV010', 'HKII', 'L002', 'MH010'),
('PC_GV011_L002_MH011_HKI', 'GV011', 'HKI', 'L002', 'MH011'),
('PC_GV011_L002_MH011_HKII', 'GV011', 'HKII', 'L002', 'MH011'),
('PC_GV012_L002_MH012_HKI', 'GV012', 'HKI', 'L002', 'MH012'),
('PC_GV012_L002_MH012_HKII', 'GV012', 'HKII', 'L002', 'MH012'),
('PC_GV001_L003_MH001_HKI', 'GV001', 'HKI', 'L003', 'MH001'),
('PC_GV001_L003_MH001_HKII', 'GV001', 'HKII', 'L003', 'MH001'),
('PC_GV002_L003_MH002_HKI', 'GV002', 'HKI', 'L003', 'MH002'),
('PC_GV002_L003_MH002_HKII', 'GV002', 'HKII', 'L003', 'MH002'),
('PC_GV003_L003_MH003_HKI', 'GV003', 'HKI', 'L003', 'MH003'),
('PC_GV003_L003_MH003_HKII', 'GV003', 'HKII', 'L003', 'MH003'),
('PC_GV004_L003_MH004_HKI', 'GV004', 'HKI', 'L003', 'MH004'),
('PC_GV004_L003_MH004_HKII', 'GV004', 'HKII', 'L003', 'MH004'),
('PC_GV005_L003_MH005_HKI', 'GV005', 'HKI', 'L003', 'MH005'),
('PC_GV005_L003_MH005_HKII', 'GV005', 'HKII', 'L003', 'MH005'),
('PC_GV006_L003_MH006_HKI', 'GV006', 'HKI', 'L003', 'MH006'),
('PC_GV006_L003_MH006_HKII', 'GV006', 'HKII', 'L003', 'MH006');
INSERT INTO phancong_giangday (id_phancong, id_giaovien, id_hocky, id_lop, id_monhoc) VALUES
('PC_GV007_L003_MH007_HKI', 'GV007', 'HKI', 'L003', 'MH007'),
('PC_GV007_L003_MH007_HKII', 'GV007', 'HKII', 'L003', 'MH007'),
('PC_GV008_L003_MH008_HKI', 'GV008', 'HKI', 'L003', 'MH008'),
('PC_GV008_L003_MH008_HKII', 'GV008', 'HKII', 'L003', 'MH008'),
('PC_GV009_L003_MH009_HKI', 'GV009', 'HKI', 'L003', 'MH009'),
('PC_GV009_L003_MH009_HKII', 'GV009', 'HKII', 'L003', 'MH009'),
('PC_GV010_L003_MH010_HKI', 'GV010', 'HKI', 'L003', 'MH010'),
('PC_GV010_L003_MH010_HKII', 'GV010', 'HKII', 'L003', 'MH010'),
('PC_GV011_L003_MH011_HKI', 'GV011', 'HKI', 'L003', 'MH011'),
('PC_GV011_L003_MH011_HKII', 'GV011', 'HKII', 'L003', 'MH011'),
('PC_GV012_L003_MH012_HKI', 'GV012', 'HKI', 'L003', 'MH012'),
('PC_GV012_L003_MH012_HKII', 'GV012', 'HKII', 'L003', 'MH012'),
('PC_GV001_L004_MH001_HKI', 'GV001', 'HKI', 'L004', 'MH001'),
('PC_GV001_L004_MH001_HKII', 'GV001', 'HKII', 'L004', 'MH001'),
('PC_GV002_L004_MH002_HKI', 'GV002', 'HKI', 'L004', 'MH002'),
('PC_GV002_L004_MH002_HKII', 'GV002', 'HKII', 'L004', 'MH002'),
('PC_GV003_L004_MH003_HKI', 'GV003', 'HKI', 'L004', 'MH003'),
('PC_GV003_L004_MH003_HKII', 'GV003', 'HKII', 'L004', 'MH003'),
('PC_GV004_L004_MH004_HKI', 'GV004', 'HKI', 'L004', 'MH004'),
('PC_GV004_L004_MH004_HKII', 'GV004', 'HKII', 'L004', 'MH004'),
('PC_GV005_L004_MH005_HKI', 'GV005', 'HKI', 'L004', 'MH005'),
('PC_GV005_L004_MH005_HKII', 'GV005', 'HKII', 'L004', 'MH005'),
('PC_GV006_L004_MH006_HKI', 'GV006', 'HKI', 'L004', 'MH006'),
('PC_GV006_L004_MH006_HKII', 'GV006', 'HKII', 'L004', 'MH006'),
('PC_GV007_L004_MH007_HKI', 'GV007', 'HKI', 'L004', 'MH007'),
('PC_GV007_L004_MH007_HKII', 'GV007', 'HKII', 'L004', 'MH007'),
('PC_GV008_L004_MH008_HKI', 'GV008', 'HKI', 'L004', 'MH008'),
('PC_GV008_L004_MH008_HKII', 'GV008', 'HKII', 'L004', 'MH008'),
('PC_GV009_L004_MH009_HKI', 'GV009', 'HKI', 'L004', 'MH009'),
('PC_GV009_L004_MH009_HKII', 'GV009', 'HKII', 'L004', 'MH009');
INSERT INTO phancong_giangday (id_phancong, id_giaovien, id_hocky, id_lop, id_monhoc) VALUES
('PC_GV010_L004_MH010_HKI', 'GV010', 'HKI', 'L004', 'MH010'),
('PC_GV010_L004_MH010_HKII', 'GV010', 'HKII', 'L004', 'MH010'),
('PC_GV011_L004_MH011_HKI', 'GV011', 'HKI', 'L004', 'MH011'),
('PC_GV011_L004_MH011_HKII', 'GV011', 'HKII', 'L004', 'MH011'),
('PC_GV012_L004_MH012_HKI', 'GV012', 'HKI', 'L004', 'MH012'),
('PC_GV012_L004_MH012_HKII', 'GV012', 'HKII', 'L004', 'MH012'),
('PC_GV001_L005_MH001_HKI', 'GV001', 'HKI', 'L005', 'MH001'),
('PC_GV001_L005_MH001_HKII', 'GV001', 'HKII', 'L005', 'MH001'),
('PC_GV002_L005_MH002_HKI', 'GV002', 'HKI', 'L005', 'MH002'),
('PC_GV002_L005_MH002_HKII', 'GV002', 'HKII', 'L005', 'MH002'),
('PC_GV003_L005_MH003_HKI', 'GV003', 'HKI', 'L005', 'MH003'),
('PC_GV003_L005_MH003_HKII', 'GV003', 'HKII', 'L005', 'MH003'),
('PC_GV004_L005_MH004_HKI', 'GV004', 'HKI', 'L005', 'MH004'),
('PC_GV004_L005_MH004_HKII', 'GV004', 'HKII', 'L005', 'MH004'),
('PC_GV005_L005_MH005_HKI', 'GV005', 'HKI', 'L005', 'MH005'),
('PC_GV005_L005_MH005_HKII', 'GV005', 'HKII', 'L005', 'MH005'),
('PC_GV006_L005_MH006_HKI', 'GV006', 'HKI', 'L005', 'MH006'),
('PC_GV006_L005_MH006_HKII', 'GV006', 'HKII', 'L005', 'MH006'),
('PC_GV007_L005_MH007_HKI', 'GV007', 'HKI', 'L005', 'MH007'),
('PC_GV007_L005_MH007_HKII', 'GV007', 'HKII', 'L005', 'MH007'),
('PC_GV008_L005_MH008_HKI', 'GV008', 'HKI', 'L005', 'MH008'),
('PC_GV008_L005_MH008_HKII', 'GV008', 'HKII', 'L005', 'MH008'),
('PC_GV009_L005_MH009_HKI', 'GV009', 'HKI', 'L005', 'MH009'),
('PC_GV009_L005_MH009_HKII', 'GV009', 'HKII', 'L005', 'MH009'),
('PC_GV010_L005_MH010_HKI', 'GV010', 'HKI', 'L005', 'MH010'),
('PC_GV010_L005_MH010_HKII', 'GV010', 'HKII', 'L005', 'MH010'),
('PC_GV011_L005_MH011_HKI', 'GV011', 'HKI', 'L005', 'MH011'),
('PC_GV011_L005_MH011_HKII', 'GV011', 'HKII', 'L005', 'MH011'),
('PC_GV012_L005_MH012_HKI', 'GV012', 'HKI', 'L005', 'MH012'),
('PC_GV012_L005_MH012_HKII', 'GV012', 'HKII', 'L005', 'MH012');
INSERT INTO phancong_giangday (id_phancong, id_giaovien, id_hocky, id_lop, id_monhoc) VALUES
('PC_GV001_L006_MH001_HKI', 'GV001', 'HKI', 'L006', 'MH001'),
('PC_GV001_L006_MH001_HKII', 'GV001', 'HKII', 'L006', 'MH001'),
('PC_GV002_L006_MH002_HKI', 'GV002', 'HKI', 'L006', 'MH002'),
('PC_GV002_L006_MH002_HKII', 'GV002', 'HKII', 'L006', 'MH002'),
('PC_GV003_L006_MH003_HKI', 'GV003', 'HKI', 'L006', 'MH003'),
('PC_GV003_L006_MH003_HKII', 'GV003', 'HKII', 'L006', 'MH003'),
('PC_GV004_L006_MH004_HKI', 'GV004', 'HKI', 'L006', 'MH004'),
('PC_GV004_L006_MH004_HKII', 'GV004', 'HKII', 'L006', 'MH004'),
('PC_GV005_L006_MH005_HKI', 'GV005', 'HKI', 'L006', 'MH005'),
('PC_GV005_L006_MH005_HKII', 'GV005', 'HKII', 'L006', 'MH005'),
('PC_GV006_L006_MH006_HKI', 'GV006', 'HKI', 'L006', 'MH006'),
('PC_GV006_L006_MH006_HKII', 'GV006', 'HKII', 'L006', 'MH006'),
('PC_GV007_L006_MH007_HKI', 'GV007', 'HKI', 'L006', 'MH007'),
('PC_GV007_L006_MH007_HKII', 'GV007', 'HKII', 'L006', 'MH007'),
('PC_GV008_L006_MH008_HKI', 'GV008', 'HKI', 'L006', 'MH008'),
('PC_GV008_L006_MH008_HKII', 'GV008', 'HKII', 'L006', 'MH008'),
('PC_GV009_L006_MH009_HKI', 'GV009', 'HKI', 'L006', 'MH009'),
('PC_GV009_L006_MH009_HKII', 'GV009', 'HKII', 'L006', 'MH009'),
('PC_GV010_L006_MH010_HKI', 'GV010', 'HKI', 'L006', 'MH010'),
('PC_GV010_L006_MH010_HKII', 'GV010', 'HKII', 'L006', 'MH010'),
('PC_GV011_L006_MH011_HKI', 'GV011', 'HKI', 'L006', 'MH011'),
('PC_GV011_L006_MH011_HKII', 'GV011', 'HKII', 'L006', 'MH011'),
('PC_GV012_L006_MH012_HKI', 'GV012', 'HKI', 'L006', 'MH012'),
('PC_GV012_L006_MH012_HKII', 'GV012', 'HKII', 'L006', 'MH012'),
('PC_GV001_L007_MH001_HKI', 'GV001', 'HKI', 'L007', 'MH001'),
('PC_GV001_L007_MH001_HKII', 'GV001', 'HKII', 'L007', 'MH001'),
('PC_GV002_L007_MH002_HKI', 'GV002', 'HKI', 'L007', 'MH002'),
('PC_GV002_L007_MH002_HKII', 'GV002', 'HKII', 'L007', 'MH002'),
('PC_GV003_L007_MH003_HKI', 'GV003', 'HKI', 'L007', 'MH003'),
('PC_GV003_L007_MH003_HKII', 'GV003', 'HKII', 'L007', 'MH003');
INSERT INTO phancong_giangday (id_phancong, id_giaovien, id_hocky, id_lop, id_monhoc) VALUES
('PC_GV004_L007_MH004_HKI', 'GV004', 'HKI', 'L007', 'MH004'),
('PC_GV004_L007_MH004_HKII', 'GV004', 'HKII', 'L007', 'MH004'),
('PC_GV005_L007_MH005_HKI', 'GV005', 'HKI', 'L007', 'MH005'),
('PC_GV005_L007_MH005_HKII', 'GV005', 'HKII', 'L007', 'MH005'),
('PC_GV006_L007_MH006_HKI', 'GV006', 'HKI', 'L007', 'MH006'),
('PC_GV006_L007_MH006_HKII', 'GV006', 'HKII', 'L007', 'MH006'),
('PC_GV007_L007_MH007_HKI', 'GV007', 'HKI', 'L007', 'MH007'),
('PC_GV007_L007_MH007_HKII', 'GV007', 'HKII', 'L007', 'MH007'),
('PC_GV008_L007_MH008_HKI', 'GV008', 'HKI', 'L007', 'MH008'),
('PC_GV008_L007_MH008_HKII', 'GV008', 'HKII', 'L007', 'MH008'),
('PC_GV009_L007_MH009_HKI', 'GV009', 'HKI', 'L007', 'MH009'),
('PC_GV009_L007_MH009_HKII', 'GV009', 'HKII', 'L007', 'MH009'),
('PC_GV010_L007_MH010_HKI', 'GV010', 'HKI', 'L007', 'MH010'),
('PC_GV010_L007_MH010_HKII', 'GV010', 'HKII', 'L007', 'MH010'),
('PC_GV011_L007_MH011_HKI', 'GV011', 'HKI', 'L007', 'MH011'),
('PC_GV011_L007_MH011_HKII', 'GV011', 'HKII', 'L007', 'MH011'),
('PC_GV012_L007_MH012_HKI', 'GV012', 'HKI', 'L007', 'MH012'),
('PC_GV012_L007_MH012_HKII', 'GV012', 'HKII', 'L007', 'MH012'),
('PC_GV001_L008_MH001_HKI', 'GV001', 'HKI', 'L008', 'MH001'),
('PC_GV001_L008_MH001_HKII', 'GV001', 'HKII', 'L008', 'MH001'),
('PC_GV002_L008_MH002_HKI', 'GV002', 'HKI', 'L008', 'MH002'),
('PC_GV002_L008_MH002_HKII', 'GV002', 'HKII', 'L008', 'MH002'),
('PC_GV003_L008_MH003_HKI', 'GV003', 'HKI', 'L008', 'MH003'),
('PC_GV003_L008_MH003_HKII', 'GV003', 'HKII', 'L008', 'MH003'),
('PC_GV004_L008_MH004_HKI', 'GV004', 'HKI', 'L008', 'MH004'),
('PC_GV004_L008_MH004_HKII', 'GV004', 'HKII', 'L008', 'MH004'),
('PC_GV005_L008_MH005_HKI', 'GV005', 'HKI', 'L008', 'MH005'),
('PC_GV005_L008_MH005_HKII', 'GV005', 'HKII', 'L008', 'MH005'),
('PC_GV006_L008_MH006_HKI', 'GV006', 'HKI', 'L008', 'MH006'),
('PC_GV006_L008_MH006_HKII', 'GV006', 'HKII', 'L008', 'MH006');
INSERT INTO phancong_giangday (id_phancong, id_giaovien, id_hocky, id_lop, id_monhoc) VALUES
('PC_GV007_L008_MH007_HKI', 'GV007', 'HKI', 'L008', 'MH007'),
('PC_GV007_L008_MH007_HKII', 'GV007', 'HKII', 'L008', 'MH007'),
('PC_GV008_L008_MH008_HKI', 'GV008', 'HKI', 'L008', 'MH008'),
('PC_GV008_L008_MH008_HKII', 'GV008', 'HKII', 'L008', 'MH008'),
('PC_GV009_L008_MH009_HKI', 'GV009', 'HKI', 'L008', 'MH009'),
('PC_GV009_L008_MH009_HKII', 'GV009', 'HKII', 'L008', 'MH009'),
('PC_GV010_L008_MH010_HKI', 'GV010', 'HKI', 'L008', 'MH010'),
('PC_GV010_L008_MH010_HKII', 'GV010', 'HKII', 'L008', 'MH010'),
('PC_GV011_L008_MH011_HKI', 'GV011', 'HKI', 'L008', 'MH011'),
('PC_GV011_L008_MH011_HKII', 'GV011', 'HKII', 'L008', 'MH011'),
('PC_GV012_L008_MH012_HKI', 'GV012', 'HKI', 'L008', 'MH012'),
('PC_GV012_L008_MH012_HKII', 'GV012', 'HKII', 'L008', 'MH012'),
('PC_GV001_L009_MH001_HKI', 'GV001', 'HKI', 'L009', 'MH001'),
('PC_GV001_L009_MH001_HKII', 'GV001', 'HKII', 'L009', 'MH001'),
('PC_GV002_L009_MH002_HKI', 'GV002', 'HKI', 'L009', 'MH002'),
('PC_GV002_L009_MH002_HKII', 'GV002', 'HKII', 'L009', 'MH002'),
('PC_GV003_L009_MH003_HKI', 'GV003', 'HKI', 'L009', 'MH003'),
('PC_GV003_L009_MH003_HKII', 'GV003', 'HKII', 'L009', 'MH003'),
('PC_GV004_L009_MH004_HKI', 'GV004', 'HKI', 'L009', 'MH004'),
('PC_GV004_L009_MH004_HKII', 'GV004', 'HKII', 'L009', 'MH004'),
('PC_GV005_L009_MH005_HKI', 'GV005', 'HKI', 'L009', 'MH005'),
('PC_GV005_L009_MH005_HKII', 'GV005', 'HKII', 'L009', 'MH005'),
('PC_GV006_L009_MH006_HKI', 'GV006', 'HKI', 'L009', 'MH006'),
('PC_GV006_L009_MH006_HKII', 'GV006', 'HKII', 'L009', 'MH006'),
('PC_GV007_L009_MH007_HKI', 'GV007', 'HKI', 'L009', 'MH007'),
('PC_GV007_L009_MH007_HKII', 'GV007', 'HKII', 'L009', 'MH007'),
('PC_GV008_L009_MH008_HKI', 'GV008', 'HKI', 'L009', 'MH008'),
('PC_GV008_L009_MH008_HKII', 'GV008', 'HKII', 'L009', 'MH008'),
('PC_GV009_L009_MH009_HKI', 'GV009', 'HKI', 'L009', 'MH009'),
('PC_GV009_L009_MH009_HKII', 'GV009', 'HKII', 'L009', 'MH009');
INSERT INTO phancong_giangday (id_phancong, id_giaovien, id_hocky, id_lop, id_monhoc) VALUES
('PC_GV010_L009_MH010_HKI', 'GV010', 'HKI', 'L009', 'MH010'),
('PC_GV010_L009_MH010_HKII', 'GV010', 'HKII', 'L009', 'MH010'),
('PC_GV011_L009_MH011_HKI', 'GV011', 'HKI', 'L009', 'MH011'),
('PC_GV011_L009_MH011_HKII', 'GV011', 'HKII', 'L009', 'MH011'),
('PC_GV012_L009_MH012_HKI', 'GV012', 'HKI', 'L009', 'MH012'),
('PC_GV012_L009_MH012_HKII', 'GV012', 'HKII', 'L009', 'MH012');

-- 10. CHITIET_DIEM
INSERT INTO chitiet_diem (ID_HOCSINH, ID_MONHOC, ID_HOCKY, diem15, diem45, diemck, diemtb) VALUES
('HS001', 'MH001', 'HKI', 8.6, 9.3, 8.1, 8.58),
('HS001', 'MH001', 'HKII', 6.8, 7.3, 8.4, 7.77),
('HS001', 'MH002', 'HKI', 6.4, 6.4, 5.9, 6.15),
('HS001', 'MH002', 'HKII', 8.4, 9.4, 8.1, 8.58),
('HS001', 'MH003', 'HKI', 9.1, 8.0, 10.0, 9.18),
('HS001', 'MH003', 'HKII', 7.1, 7.5, 6.1, 6.73),
('HS001', 'MH004', 'HKI', 6.9, 6.1, 6.7, 6.53),
('HS001', 'MH004', 'HKII', 6.0, 7.0, 6.0, 6.33),
('HS001', 'MH005', 'HKI', 7.8, 9.1, 9.1, 8.88),
('HS001', 'MH005', 'HKII', 6.7, 7.7, 7.2, 7.28),
('HS001', 'MH006', 'HKI', 9.4, 8.5, 10.0, 9.40),
('HS001', 'MH006', 'HKII', 9.5, 8.2, 6.9, 7.77),
('HS001', 'MH007', 'HKI', 6.9, 6.4, 7.4, 6.98),
('HS001', 'MH007', 'HKII', 8.3, 8.7, 8.8, 8.68),
('HS001', 'MH008', 'HKI', 7.9, 8.4, 8.3, 8.27),
('HS001', 'MH008', 'HKII', 6.2, 5.3, 7.0, 6.30),
('HS001', 'MH009', 'HKI', 7.4, 8.6, 8.4, 8.30),
('HS001', 'MH009', 'HKII', 7.4, 9.2, 8.0, 8.30),
('HS001', 'MH010', 'HKI', 6.7, 7.7, 5.6, 6.48),
('HS001', 'MH010', 'HKII', 7.9, 6.7, 7.2, 7.15),
('HS001', 'MH011', 'HKI', 6.0, 6.5, 8.0, 7.17),
('HS001', 'MH011', 'HKII', 6.9, 5.7, 6.2, 6.15),
('HS001', 'MH012', 'HKI', 5.8, 7.3, 5.1, 5.95),
('HS001', 'MH012', 'HKII', 7.4, 6.3, 6.6, 6.63),
('HS002', 'MH001', 'HKI', 7.2, 6.3, 6.8, 6.70),
('HS002', 'MH001', 'HKII', 8.4, 7.4, 9.4, 8.57),
('HS002', 'MH002', 'HKI', 7.0, 6.4, 8.4, 7.50),
('HS002', 'MH002', 'HKII', 7.8, 7.4, 6.2, 6.87),
('HS002', 'MH003', 'HKI', 5.5, 5.2, 6.5, 5.90),
('HS002', 'MH003', 'HKII', 8.9, 9.4, 9.6, 9.42);
INSERT INTO chitiet_diem (ID_HOCSINH, ID_MONHOC, ID_HOCKY, diem15, diem45, diemck, diemtb) VALUES
('HS002', 'MH004', 'HKI', 7.4, 8.0, 8.5, 8.15),
('HS002', 'MH004', 'HKII', 6.6, 6.5, 5.0, 5.77),
('HS002', 'MH005', 'HKI', 6.0, 6.1, 6.0, 6.03),
('HS002', 'MH005', 'HKII', 8.2, 8.0, 8.9, 8.48),
('HS002', 'MH006', 'HKI', 9.1, 7.8, 9.6, 8.92),
('HS002', 'MH006', 'HKII', 6.9, 6.0, 5.3, 5.80),
('HS002', 'MH007', 'HKI', 9.0, 7.5, 8.1, 8.05),
('HS002', 'MH007', 'HKII', 5.5, 6.1, 6.8, 6.35),
('HS002', 'MH008', 'HKI', 8.6, 7.4, 9.7, 8.75),
('HS002', 'MH008', 'HKII', 6.4, 6.7, 6.8, 6.70),
('HS002', 'MH009', 'HKI', 7.1, 8.3, 8.8, 8.35),
('HS002', 'MH009', 'HKII', 6.5, 5.4, 5.5, 5.63),
('HS002', 'MH010', 'HKI', 6.8, 7.9, 6.6, 7.07),
('HS002', 'MH010', 'HKII', 6.5, 6.7, 5.8, 6.22),
('HS002', 'MH011', 'HKI', 6.0, 7.2, 5.9, 6.35),
('HS002', 'MH011', 'HKII', 10.0, 8.5, 8.7, 8.85),
('HS002', 'MH012', 'HKI', 10.0, 9.1, 9.3, 9.35),
('HS002', 'MH012', 'HKII', 9.2, 8.2, 6.6, 7.57),
('HS003', 'MH001', 'HKI', 8.9, 9.4, 9.1, 9.17),
('HS003', 'MH001', 'HKII', 7.7, 10.0, 8.9, 9.07),
('HS003', 'MH002', 'HKI', 6.2, 6.1, 4.9, 5.52),
('HS003', 'MH002', 'HKII', 8.4, 7.9, 7.8, 7.93),
('HS003', 'MH003', 'HKI', 8.4, 8.3, 8.8, 8.57),
('HS003', 'MH003', 'HKII', 7.1, 7.9, 5.6, 6.62),
('HS003', 'MH004', 'HKI', 7.3, 8.2, 6.8, 7.35),
('HS003', 'MH004', 'HKII', 7.4, 5.6, 7.5, 6.85),
('HS003', 'MH005', 'HKI', 8.4, 10.0, 8.6, 9.03),
('HS003', 'MH005', 'HKII', 6.6, 5.4, 5.5, 5.65),
('HS003', 'MH006', 'HKI', 8.5, 9.3, 8.4, 8.72),
('HS003', 'MH006', 'HKII', 8.2, 7.6, 7.0, 7.40);
INSERT INTO chitiet_diem (ID_HOCSINH, ID_MONHOC, ID_HOCKY, diem15, diem45, diemck, diemtb) VALUES
('HS003', 'MH007', 'HKI', 8.4, 9.8, 8.3, 8.82),
('HS003', 'MH007', 'HKII', 6.2, 5.4, 6.9, 6.28),
('HS003', 'MH008', 'HKI', 8.9, 9.6, 8.7, 9.03),
('HS003', 'MH008', 'HKII', 6.1, 5.9, 4.6, 5.28),
('HS003', 'MH009', 'HKI', 7.9, 8.6, 7.9, 8.13),
('HS003', 'MH009', 'HKII', 6.4, 5.5, 7.1, 6.45),
('HS003', 'MH010', 'HKI', 7.3, 7.6, 7.0, 7.25),
('HS003', 'MH010', 'HKII', 8.5, 10.0, 8.0, 8.75),
('HS003', 'MH011', 'HKI', 8.1, 8.4, 7.9, 8.10),
('HS003', 'MH011', 'HKII', 8.0, 7.3, 7.5, 7.52),
('HS003', 'MH012', 'HKI', 8.1, 8.8, 7.5, 8.03),
('HS003', 'MH012', 'HKII', 5.3, 6.3, 6.0, 5.98),
('HS004', 'MH001', 'HKI', 4.6, 4.1, 4.6, 4.43),
('HS004', 'MH001', 'HKII', 3.1, 4.5, 3.4, 3.72),
('HS004', 'MH002', 'HKI', 3.3, 3.9, 4.5, 4.10),
('HS004', 'MH002', 'HKII', 2.2, 2.2, 2.6, 2.40),
('HS004', 'MH003', 'HKI', 1.3, 3.1, 2.3, 2.40),
('HS004', 'MH003', 'HKII', 2.5, 3.1, 1.4, 2.15),
('HS004', 'MH004', 'HKI', 4.3, 3.1, 3.9, 3.70),
('HS004', 'MH004', 'HKII', 3.8, 3.9, 3.5, 3.68),
('HS004', 'MH005', 'HKI', 2.5, 2.8, 1.0, 1.85),
('HS004', 'MH005', 'HKII', 5.3, 2.4, 5.5, 4.43),
('HS004', 'MH006', 'HKI', 4.2, 1.5, 1.9, 2.15),
('HS004', 'MH006', 'HKII', 2.9, 2.9, 4.4, 3.65),
('HS004', 'MH007', 'HKI', 4.9, 5.1, 4.8, 4.92),
('HS004', 'MH007', 'HKII', 3.4, 2.1, 1.4, 1.97),
('HS004', 'MH008', 'HKI', 4.1, 3.4, 5.6, 4.62),
('HS004', 'MH008', 'HKII', 4.7, 4.5, 4.0, 4.28),
('HS004', 'MH009', 'HKI', 2.0, 1.8, 2.7, 2.28),
('HS004', 'MH009', 'HKII', 5.4, 4.9, 3.7, 4.38);
INSERT INTO chitiet_diem (ID_HOCSINH, ID_MONHOC, ID_HOCKY, diem15, diem45, diemck, diemtb) VALUES
('HS004', 'MH010', 'HKI', 3.7, 4.2, 4.8, 4.42),
('HS004', 'MH010', 'HKII', 1.7, 2.2, 2.2, 2.12),
('HS004', 'MH011', 'HKI', 2.9, 2.9, 3.2, 3.05),
('HS004', 'MH011', 'HKII', 2.5, 3.7, 1.5, 2.40),
('HS004', 'MH012', 'HKI', 3.0, 3.0, 3.3, 3.15),
('HS004', 'MH012', 'HKII', 0.9, 2.6, 2.9, 2.47),
('HS005', 'MH001', 'HKI', 2.4, 4.4, 2.8, 3.27),
('HS005', 'MH001', 'HKII', 2.8, 2.9, 2.4, 2.63),
('HS005', 'MH002', 'HKI', 4.1, 3.6, 4.0, 3.88),
('HS005', 'MH002', 'HKII', 2.7, 3.6, 1.7, 2.50),
('HS005', 'MH003', 'HKI', 3.7, 4.3, 3.2, 3.65),
('HS005', 'MH003', 'HKII', 2.0, 2.8, 3.5, 3.02),
('HS005', 'MH004', 'HKI', 2.9, 3.6, 3.1, 3.23),
('HS005', 'MH004', 'HKII', 3.1, 3.2, 3.8, 3.48),
('HS005', 'MH005', 'HKI', 3.9, 3.3, 4.3, 3.90),
('HS005', 'MH005', 'HKII', 3.9, 4.4, 3.5, 3.87),
('HS005', 'MH006', 'HKI', 3.4, 2.4, 2.5, 2.62),
('HS005', 'MH006', 'HKII', 2.0, 1.5, 2.5, 2.08),
('HS005', 'MH007', 'HKI', 3.2, 3.8, 5.1, 4.35),
('HS005', 'MH007', 'HKII', 2.2, 2.3, 2.7, 2.48),
('HS005', 'MH008', 'HKI', 4.9, 3.1, 3.9, 3.80),
('HS005', 'MH008', 'HKII', 3.1, 3.3, 3.3, 3.27),
('HS005', 'MH009', 'HKI', 3.1, 3.1, 3.3, 3.20),
('HS005', 'MH009', 'HKII', 2.1, 1.1, 3.0, 2.22),
('HS005', 'MH010', 'HKI', 1.6, 1.3, 1.8, 1.60),
('HS005', 'MH010', 'HKII', 3.3, 3.4, 4.0, 3.68),
('HS005', 'MH011', 'HKI', 4.9, 4.9, 3.7, 4.30),
('HS005', 'MH011', 'HKII', 2.1, 2.2, 3.1, 2.63),
('HS005', 'MH012', 'HKI', 3.4, 3.2, 2.7, 2.98),
('HS005', 'MH012', 'HKII', 3.3, 0.4, 2.9, 2.13);
INSERT INTO chitiet_diem (ID_HOCSINH, ID_MONHOC, ID_HOCKY, diem15, diem45, diemck, diemtb) VALUES
('HS006', 'MH001', 'HKI', 7.5, 7.4, 7.2, 7.32),
('HS006', 'MH001', 'HKII', 6.8, 6.8, 8.0, 7.40),
('HS006', 'MH002', 'HKI', 5.3, 5.7, 6.1, 5.83),
('HS006', 'MH002', 'HKII', 9.6, 9.1, 8.8, 9.03),
('HS006', 'MH003', 'HKI', 7.1, 6.0, 5.4, 5.88),
('HS006', 'MH003', 'HKII', 5.9, 6.2, 8.0, 7.05),
('HS006', 'MH004', 'HKI', 6.3, 4.0, 5.9, 5.33),
('HS006', 'MH004', 'HKII', 8.7, 7.1, 8.2, 7.92),
('HS006', 'MH005', 'HKI', 8.9, 7.8, 9.0, 8.58),
('HS006', 'MH005', 'HKII', 9.2, 6.6, 8.1, 7.78),
('HS006', 'MH006', 'HKI', 7.1, 7.3, 8.8, 8.02),
('HS006', 'MH006', 'HKII', 8.9, 8.2, 9.0, 8.72),
('HS006', 'MH007', 'HKI', 8.1, 7.9, 6.4, 7.18),
('HS006', 'MH007', 'HKII', 8.2, 9.1, 9.3, 9.05),
('HS006', 'MH008', 'HKI', 7.8, 7.0, 6.9, 7.08),
('HS006', 'MH008', 'HKII', 8.1, 9.2, 7.1, 7.97),
('HS006', 'MH009', 'HKI', 7.8, 8.3, 7.3, 7.72),
('HS006', 'MH009', 'HKII', 6.5, 7.1, 6.1, 6.50),
('HS006', 'MH010', 'HKI', 5.5, 6.7, 4.1, 5.20),
('HS006', 'MH010', 'HKII', 9.6, 8.6, 9.3, 9.12),
('HS006', 'MH011', 'HKI', 6.5, 7.5, 8.8, 7.98),
('HS006', 'MH011', 'HKII', 8.6, 8.7, 8.7, 8.68),
('HS006', 'MH012', 'HKI', 6.9, 5.7, 6.6, 6.35),
('HS006', 'MH012', 'HKII', 9.3, 9.5, 8.6, 9.02),
('HS007', 'MH001', 'HKI', 5.1, 6.4, 6.3, 6.13),
('HS007', 'MH001', 'HKII', 7.5, 6.5, 6.6, 6.72),
('HS007', 'MH002', 'HKI', 9.5, 9.6, 10.0, 9.78),
('HS007', 'MH002', 'HKII', 7.3, 6.1, 6.6, 6.55),
('HS007', 'MH003', 'HKI', 6.6, 8.4, 6.5, 7.15),
('HS007', 'MH003', 'HKII', 9.6, 8.7, 10.0, 9.50);
INSERT INTO chitiet_diem (ID_HOCSINH, ID_MONHOC, ID_HOCKY, diem15, diem45, diemck, diemtb) VALUES
('HS007', 'MH004', 'HKI', 9.2, 9.6, 8.6, 9.03),
('HS007', 'MH004', 'HKII', 7.2, 8.1, 8.6, 8.20),
('HS007', 'MH005', 'HKI', 6.6, 5.7, 5.2, 5.60),
('HS007', 'MH005', 'HKII', 10.0, 7.3, 9.2, 8.70),
('HS007', 'MH006', 'HKI', 6.0, 6.4, 5.8, 6.03),
('HS007', 'MH006', 'HKII', 5.3, 5.2, 6.2, 5.72),
('HS007', 'MH007', 'HKI', 6.3, 6.4, 5.0, 5.68),
('HS007', 'MH007', 'HKII', 5.2, 5.8, 7.1, 6.35),
('HS007', 'MH008', 'HKI', 8.5, 6.4, 7.2, 7.15),
('HS007', 'MH008', 'HKII', 8.2, 8.4, 10.0, 9.17),
('HS007', 'MH009', 'HKI', 7.4, 6.6, 5.5, 6.18),
('HS007', 'MH009', 'HKII', 4.0, 6.1, 5.5, 5.45),
('HS007', 'MH010', 'HKI', 6.1, 5.9, 5.4, 5.68),
('HS007', 'MH010', 'HKII', 5.3, 6.3, 7.5, 6.73),
('HS007', 'MH011', 'HKI', 7.6, 7.3, 7.3, 7.35),
('HS007', 'MH011', 'HKII', 7.2, 6.6, 8.2, 7.50),
('HS007', 'MH012', 'HKI', 8.7, 8.1, 9.2, 8.75),
('HS007', 'MH012', 'HKII', 7.8, 6.5, 6.7, 6.82),
('HS008', 'MH001', 'HKI', 8.7, 9.6, 9.7, 9.50),
('HS008', 'MH001', 'HKII', 5.6, 6.4, 6.9, 6.52),
('HS008', 'MH002', 'HKI', 8.3, 7.5, 7.8, 7.78),
('HS008', 'MH002', 'HKII', 4.4, 5.4, 5.8, 5.43),
('HS008', 'MH003', 'HKI', 8.9, 7.0, 7.7, 7.67),
('HS008', 'MH003', 'HKII', 6.8, 6.0, 7.9, 7.08),
('HS008', 'MH004', 'HKI', 5.5, 5.3, 7.0, 6.18),
('HS008', 'MH004', 'HKII', 8.6, 5.9, 7.0, 6.90),
('HS008', 'MH005', 'HKI', 5.7, 6.8, 7.1, 6.77),
('HS008', 'MH005', 'HKII', 7.6, 8.2, 7.5, 7.75),
('HS008', 'MH006', 'HKI', 5.6, 5.5, 5.2, 5.37),
('HS008', 'MH006', 'HKII', 8.6, 9.8, 8.2, 8.80);
INSERT INTO chitiet_diem (ID_HOCSINH, ID_MONHOC, ID_HOCKY, diem15, diem45, diemck, diemtb) VALUES
('HS008', 'MH007', 'HKI', 5.1, 5.0, 6.3, 5.67),
('HS008', 'MH007', 'HKII', 8.2, 6.9, 7.3, 7.32),
('HS008', 'MH008', 'HKI', 8.9, 7.4, 9.3, 8.60),
('HS008', 'MH008', 'HKII', 9.3, 9.3, 9.5, 9.40),
('HS008', 'MH009', 'HKI', 5.5, 8.6, 8.0, 7.78),
('HS008', 'MH009', 'HKII', 7.2, 6.4, 5.2, 5.93),
('HS008', 'MH010', 'HKI', 9.1, 9.4, 8.1, 8.70),
('HS008', 'MH010', 'HKII', 4.7, 5.2, 6.9, 5.97),
('HS008', 'MH011', 'HKI', 7.0, 6.0, 6.9, 6.62),
('HS008', 'MH011', 'HKII', 8.7, 6.9, 8.8, 8.15),
('HS008', 'MH012', 'HKI', 6.8, 7.8, 8.3, 7.88),
('HS008', 'MH012', 'HKII', 9.8, 9.3, 9.4, 9.43),
('HS009', 'MH001', 'HKI', 8.1, 6.5, 7.7, 7.37),
('HS009', 'MH001', 'HKII', 7.0, 7.0, 8.2, 7.60),
('HS009', 'MH002', 'HKI', 5.1, 6.5, 5.8, 5.92),
('HS009', 'MH002', 'HKII', 5.8, 5.5, 6.3, 5.95),
('HS009', 'MH003', 'HKI', 9.6, 9.6, 8.6, 9.10),
('HS009', 'MH003', 'HKII', 5.5, 5.7, 5.8, 5.72),
('HS009', 'MH004', 'HKI', 6.0, 6.7, 4.0, 5.23),
('HS009', 'MH004', 'HKII', 8.9, 9.4, 8.2, 8.72),
('HS009', 'MH005', 'HKI', 9.6, 6.7, 8.3, 7.98),
('HS009', 'MH005', 'HKII', 6.9, 5.0, 4.4, 5.02),
('HS009', 'MH006', 'HKI', 10.0, 9.7, 10.0, 9.90),
('HS009', 'MH006', 'HKII', 5.6, 4.8, 7.3, 6.18),
('HS009', 'MH007', 'HKI', 9.6, 8.4, 10.0, 9.40),
('HS009', 'MH007', 'HKII', 6.4, 7.6, 6.8, 7.00),
('HS009', 'MH008', 'HKI', 6.7, 5.6, 5.3, 5.63),
('HS009', 'MH008', 'HKII', 6.4, 5.3, 5.1, 5.38),
('HS009', 'MH009', 'HKI', 4.8, 5.1, 5.5, 5.25),
('HS009', 'MH009', 'HKII', 6.9, 8.4, 7.1, 7.50);
INSERT INTO chitiet_diem (ID_HOCSINH, ID_MONHOC, ID_HOCKY, diem15, diem45, diemck, diemtb) VALUES
('HS009', 'MH010', 'HKI', 7.6, 7.4, 7.7, 7.58),
('HS009', 'MH010', 'HKII', 7.7, 8.4, 7.2, 7.68),
('HS009', 'MH011', 'HKI', 8.2, 8.0, 8.1, 8.08),
('HS009', 'MH011', 'HKII', 9.3, 8.8, 8.4, 8.68),
('HS009', 'MH012', 'HKI', 9.1, 8.5, 8.6, 8.65),
('HS009', 'MH012', 'HKII', 6.1, 6.6, 7.0, 6.72),
('HS010', 'MH001', 'HKI', 8.9, 8.0, 9.8, 9.05),
('HS010', 'MH001', 'HKII', 8.5, 8.9, 9.2, 8.98),
('HS010', 'MH002', 'HKI', 5.5, 5.7, 6.7, 6.17),
('HS010', 'MH002', 'HKII', 6.7, 7.6, 7.9, 7.60),
('HS010', 'MH003', 'HKI', 7.0, 7.4, 5.8, 6.53),
('HS010', 'MH003', 'HKII', 8.3, 7.7, 8.6, 8.25),
('HS010', 'MH004', 'HKI', 7.2, 6.6, 7.3, 7.05),
('HS010', 'MH004', 'HKII', 8.5, 8.6, 9.0, 8.78),
('HS010', 'MH005', 'HKI', 10.0, 8.9, 8.6, 8.93),
('HS010', 'MH005', 'HKII', 5.7, 7.1, 6.3, 6.47),
('HS010', 'MH006', 'HKI', 5.9, 8.0, 6.5, 6.90),
('HS010', 'MH006', 'HKII', 9.0, 9.0, 8.4, 8.70),
('HS010', 'MH007', 'HKI', 6.3, 7.9, 6.2, 6.78),
('HS010', 'MH007', 'HKII', 6.0, 6.1, 6.0, 6.03),
('HS010', 'MH008', 'HKI', 5.6, 6.4, 6.7, 6.42),
('HS010', 'MH008', 'HKII', 6.1, 7.5, 6.7, 6.87),
('HS010', 'MH009', 'HKI', 5.4, 6.5, 6.4, 6.27),
('HS010', 'MH009', 'HKII', 5.0, 7.1, 6.5, 6.45),
('HS010', 'MH010', 'HKI', 8.1, 8.0, 7.6, 7.82),
('HS010', 'MH010', 'HKII', 8.8, 8.3, 8.7, 8.58),
('HS010', 'MH011', 'HKI', 6.1, 4.9, 5.6, 5.45),
('HS010', 'MH011', 'HKII', 4.2, 4.4, 5.8, 5.07),
('HS010', 'MH012', 'HKI', 6.7, 6.7, 6.1, 6.40),
('HS010', 'MH012', 'HKII', 5.1, 6.7, 6.5, 6.33);
INSERT INTO chitiet_diem (ID_HOCSINH, ID_MONHOC, ID_HOCKY, diem15, diem45, diemck, diemtb) VALUES
('HS011', 'MH001', 'HKI', 8.2, 6.4, 7.7, 7.35),
('HS011', 'MH001', 'HKII', 5.8, 6.3, 6.5, 6.32),
('HS011', 'MH002', 'HKI', 9.4, 8.0, 9.8, 9.13),
('HS011', 'MH002', 'HKII', 7.5, 5.2, 5.1, 5.53),
('HS011', 'MH003', 'HKI', 8.3, 7.9, 9.0, 8.52),
('HS011', 'MH003', 'HKII', 8.3, 8.3, 8.8, 8.55),
('HS011', 'MH004', 'HKI', 8.5, 10.0, 8.2, 8.85),
('HS011', 'MH004', 'HKII', 7.4, 5.2, 5.9, 5.92),
('HS011', 'MH005', 'HKI', 10.0, 8.9, 9.5, 9.38),
('HS011', 'MH005', 'HKII', 6.0, 7.3, 7.5, 7.18),
('HS011', 'MH006', 'HKI', 9.6, 9.9, 6.8, 8.30),
('HS011', 'MH006', 'HKII', 9.3, 8.7, 8.5, 8.70),
('HS011', 'MH007', 'HKI', 7.3, 6.9, 6.6, 6.82),
('HS011', 'MH007', 'HKII', 6.6, 7.1, 8.0, 7.47),
('HS011', 'MH008', 'HKI', 6.4, 8.7, 7.1, 7.52),
('HS011', 'MH008', 'HKII', 7.4, 7.9, 8.0, 7.87),
('HS011', 'MH009', 'HKI', 7.3, 7.1, 6.0, 6.58),
('HS011', 'MH009', 'HKII', 6.5, 6.7, 9.3, 7.97),
('HS011', 'MH010', 'HKI', 8.9, 9.1, 9.4, 9.22),
('HS011', 'MH010', 'HKII', 5.5, 6.3, 5.0, 5.52),
('HS011', 'MH011', 'HKI', 8.3, 8.8, 8.7, 8.67),
('HS011', 'MH011', 'HKII', 9.1, 9.1, 9.3, 9.20),
('HS011', 'MH012', 'HKI', 4.4, 6.2, 5.5, 5.55),
('HS011', 'MH012', 'HKII', 7.0, 6.7, 7.3, 7.05),
('HS012', 'MH001', 'HKI', 9.8, 8.3, 8.1, 8.45),
('HS012', 'MH001', 'HKII', 5.4, 6.3, 6.4, 6.20),
('HS012', 'MH002', 'HKI', 9.4, 10.0, 8.5, 9.15),
('HS012', 'MH002', 'HKII', 8.1, 7.2, 8.6, 8.05),
('HS012', 'MH003', 'HKI', 9.4, 9.2, 8.7, 8.98),
('HS012', 'MH003', 'HKII', 8.3, 7.9, 8.3, 8.17);
INSERT INTO chitiet_diem (ID_HOCSINH, ID_MONHOC, ID_HOCKY, diem15, diem45, diemck, diemtb) VALUES
('HS012', 'MH004', 'HKI', 8.8, 9.7, 8.3, 8.85),
('HS012', 'MH004', 'HKII', 7.4, 9.5, 7.4, 8.10),
('HS012', 'MH005', 'HKI', 6.2, 7.3, 7.5, 7.22),
('HS012', 'MH005', 'HKII', 6.3, 7.7, 7.1, 7.17),
('HS012', 'MH006', 'HKI', 6.5, 7.4, 6.9, 7.00),
('HS012', 'MH006', 'HKII', 6.9, 6.5, 6.4, 6.52),
('HS012', 'MH007', 'HKI', 6.8, 8.6, 7.9, 7.95),
('HS012', 'MH007', 'HKII', 7.3, 7.3, 6.1, 6.70),
('HS012', 'MH008', 'HKI', 9.7, 8.7, 9.6, 9.32),
('HS012', 'MH008', 'HKII', 8.0, 9.3, 7.9, 8.38),
('HS012', 'MH009', 'HKI', 5.0, 6.8, 5.1, 5.65),
('HS012', 'MH009', 'HKII', 4.5, 5.4, 5.7, 5.40),
('HS012', 'MH010', 'HKI', 5.0, 5.7, 5.0, 5.23),
('HS012', 'MH010', 'HKII', 7.2, 7.9, 6.2, 6.93),
('HS012', 'MH011', 'HKI', 7.2, 5.2, 7.8, 6.83),
('HS012', 'MH011', 'HKII', 5.1, 5.5, 6.6, 5.98),
('HS012', 'MH012', 'HKI', 7.2, 4.3, 5.0, 5.13),
('HS012', 'MH012', 'HKII', 7.2, 6.4, 7.0, 6.83),
('HS013', 'MH001', 'HKI', 4.6, 6.1, 3.5, 4.55),
('HS013', 'MH001', 'HKII', 2.3, 3.0, 2.5, 2.63),
('HS013', 'MH002', 'HKI', 2.7, 3.2, 3.5, 3.27),
('HS013', 'MH002', 'HKII', 2.5, 1.9, 1.6, 1.85),
('HS013', 'MH003', 'HKI', 4.6, 4.5, 4.7, 4.62),
('HS013', 'MH003', 'HKII', 5.8, 4.5, 4.5, 4.72),
('HS013', 'MH004', 'HKI', 2.4, 1.4, 2.0, 1.87),
('HS013', 'MH004', 'HKII', 4.3, 3.9, 4.7, 4.37),
('HS013', 'MH005', 'HKI', 3.9, 4.1, 3.9, 3.97),
('HS013', 'MH005', 'HKII', 4.3, 2.6, 3.6, 3.38),
('HS013', 'MH006', 'HKI', 5.4, 4.0, 5.4, 4.93),
('HS013', 'MH006', 'HKII', 1.6, 2.3, 2.2, 2.13);
INSERT INTO chitiet_diem (ID_HOCSINH, ID_MONHOC, ID_HOCKY, diem15, diem45, diemck, diemtb) VALUES
('HS013', 'MH007', 'HKI', 2.7, 1.8, 1.7, 1.90),
('HS013', 'MH007', 'HKII', 4.7, 5.0, 3.2, 4.05),
('HS013', 'MH008', 'HKI', 5.2, 4.2, 4.1, 4.32),
('HS013', 'MH008', 'HKII', 2.6, 3.4, 2.9, 3.02),
('HS013', 'MH009', 'HKI', 4.1, 4.9, 4.7, 4.67),
('HS013', 'MH009', 'HKII', 3.9, 2.9, 2.9, 3.07),
('HS013', 'MH010', 'HKI', 2.3, 3.2, 2.1, 2.50),
('HS013', 'MH010', 'HKII', 4.6, 3.3, 3.1, 3.42),
('HS013', 'MH011', 'HKI', 4.5, 5.9, 3.5, 4.47),
('HS013', 'MH011', 'HKII', 2.8, 2.0, 3.4, 2.83),
('HS013', 'MH012', 'HKI', 1.6, 1.6, 2.0, 1.80),
('HS013', 'MH012', 'HKII', 2.5, 2.2, 2.1, 2.20),
('HS014', 'MH001', 'HKI', 5.9, 5.2, 5.4, 5.42),
('HS014', 'MH001', 'HKII', 5.2, 6.3, 7.3, 6.62),
('HS014', 'MH002', 'HKI', 5.3, 5.1, 5.3, 5.23),
('HS014', 'MH002', 'HKII', 6.4, 7.2, 8.1, 7.52),
('HS014', 'MH003', 'HKI', 5.9, 5.5, 6.5, 6.07),
('HS014', 'MH003', 'HKII', 6.5, 8.3, 6.0, 6.85),
('HS014', 'MH004', 'HKI', 7.9, 7.5, 7.0, 7.32),
('HS014', 'MH004', 'HKII', 8.2, 8.2, 7.5, 7.85),
('HS014', 'MH005', 'HKI', 7.4, 6.7, 8.4, 7.67),
('HS014', 'MH005', 'HKII', 4.8, 6.1, 7.3, 6.48),
('HS014', 'MH006', 'HKI', 8.8, 8.1, 7.5, 7.92),
('HS014', 'MH006', 'HKII', 7.2, 8.0, 7.1, 7.42),
('HS014', 'MH007', 'HKI', 7.0, 5.4, 7.6, 6.77),
('HS014', 'MH007', 'HKII', 5.9, 5.6, 7.1, 6.40),
('HS014', 'MH008', 'HKI', 6.8, 6.7, 5.4, 6.07),
('HS014', 'MH008', 'HKII', 6.1, 6.5, 6.3, 6.33),
('HS014', 'MH009', 'HKI', 6.3, 7.8, 5.8, 6.55),
('HS014', 'MH009', 'HKII', 7.8, 7.0, 6.1, 6.68);
INSERT INTO chitiet_diem (ID_HOCSINH, ID_MONHOC, ID_HOCKY, diem15, diem45, diemck, diemtb) VALUES
('HS014', 'MH010', 'HKI', 9.6, 8.9, 10.0, 9.57),
('HS014', 'MH010', 'HKII', 8.9, 9.0, 8.8, 8.88),
('HS014', 'MH011', 'HKI', 6.4, 6.5, 7.1, 6.78),
('HS014', 'MH011', 'HKII', 7.1, 5.3, 8.1, 7.00),
('HS014', 'MH012', 'HKI', 7.2, 6.9, 7.2, 7.10),
('HS014', 'MH012', 'HKII', 5.5, 5.3, 6.1, 5.73),
('HS015', 'MH001', 'HKI', 5.4, 5.6, 6.6, 6.07),
('HS015', 'MH001', 'HKII', 7.7, 7.8, 7.1, 7.43),
('HS015', 'MH002', 'HKI', 9.2, 9.0, 7.3, 8.18),
('HS015', 'MH002', 'HKII', 7.6, 7.2, 6.3, 6.82),
('HS015', 'MH003', 'HKI', 5.6, 8.4, 7.8, 7.63),
('HS015', 'MH003', 'HKII', 7.4, 7.8, 5.8, 6.73),
('HS015', 'MH004', 'HKI', 8.6, 9.5, 9.1, 9.15),
('HS015', 'MH004', 'HKII', 9.0, 7.8, 7.5, 7.85),
('HS015', 'MH005', 'HKI', 8.3, 8.3, 9.2, 8.75),
('HS015', 'MH005', 'HKII', 5.2, 5.2, 5.2, 5.20),
('HS015', 'MH006', 'HKI', 8.9, 8.3, 9.3, 8.90),
('HS015', 'MH006', 'HKII', 8.6, 9.4, 9.5, 9.32),
('HS015', 'MH007', 'HKI', 7.0, 6.7, 5.8, 6.30),
('HS015', 'MH007', 'HKII', 5.2, 6.3, 5.8, 5.87),
('HS015', 'MH008', 'HKI', 6.6, 7.6, 6.9, 7.08),
('HS015', 'MH008', 'HKII', 8.5, 9.8, 9.1, 9.23),
('HS015', 'MH009', 'HKI', 7.6, 6.8, 7.7, 7.38),
('HS015', 'MH009', 'HKII', 9.2, 7.8, 8.3, 8.28),
('HS015', 'MH010', 'HKI', 6.8, 7.4, 7.0, 7.10),
('HS015', 'MH010', 'HKII', 9.1, 9.9, 10.0, 9.82),
('HS015', 'MH011', 'HKI', 6.1, 6.6, 5.2, 5.82),
('HS015', 'MH011', 'HKII', 7.0, 7.9, 6.8, 7.20),
('HS015', 'MH012', 'HKI', 8.7, 8.4, 8.1, 8.30),
('HS015', 'MH012', 'HKII', 10.0, 9.8, 7.3, 8.58);
INSERT INTO chitiet_diem (ID_HOCSINH, ID_MONHOC, ID_HOCKY, diem15, diem45, diemck, diemtb) VALUES
('HS016', 'MH001', 'HKI', 6.8, 6.6, 7.7, 7.18),
('HS016', 'MH001', 'HKII', 7.3, 7.2, 7.5, 7.37),
('HS016', 'MH002', 'HKI', 8.1, 9.6, 9.9, 9.50),
('HS016', 'MH002', 'HKII', 8.6, 8.4, 9.6, 9.03),
('HS016', 'MH003', 'HKI', 7.3, 8.7, 8.5, 8.37),
('HS016', 'MH003', 'HKII', 7.8, 7.8, 6.7, 7.25),
('HS016', 'MH004', 'HKI', 8.4, 8.8, 8.3, 8.48),
('HS016', 'MH004', 'HKII', 6.1, 5.3, 5.6, 5.58),
('HS016', 'MH005', 'HKI', 8.3, 6.6, 7.1, 7.13),
('HS016', 'MH005', 'HKII', 10.0, 9.3, 8.9, 9.22),
('HS016', 'MH006', 'HKI', 7.2, 5.9, 8.2, 7.27),
('HS016', 'MH006', 'HKII', 7.2, 8.0, 8.7, 8.22),
('HS016', 'MH007', 'HKI', 8.9, 9.5, 7.4, 8.35),
('HS016', 'MH007', 'HKII', 7.4, 6.9, 7.3, 7.18),
('HS016', 'MH008', 'HKI', 7.2, 8.9, 7.5, 7.92),
('HS016', 'MH008', 'HKII', 9.3, 9.3, 8.5, 8.90),
('HS016', 'MH009', 'HKI', 7.6, 8.4, 9.0, 8.57),
('HS016', 'MH009', 'HKII', 8.4, 7.2, 7.3, 7.45),
('HS016', 'MH010', 'HKI', 9.6, 8.9, 8.7, 8.92),
('HS016', 'MH010', 'HKII', 10.0, 9.0, 9.0, 9.17),
('HS016', 'MH011', 'HKI', 9.1, 8.9, 9.9, 9.43),
('HS016', 'MH011', 'HKII', 8.2, 6.5, 5.5, 6.28),
('HS016', 'MH012', 'HKI', 6.4, 6.1, 6.2, 6.20),
('HS016', 'MH012', 'HKII', 8.8, 8.8, 8.3, 8.55),
('HS017', 'MH001', 'HKI', 7.2, 7.0, 6.7, 6.88),
('HS017', 'MH001', 'HKII', 7.7, 6.9, 8.2, 7.68),
('HS017', 'MH002', 'HKI', 9.3, 9.7, 8.2, 8.88),
('HS017', 'MH002', 'HKII', 6.0, 6.5, 5.2, 5.77),
('HS017', 'MH003', 'HKI', 7.5, 7.8, 8.5, 8.10),
('HS017', 'MH003', 'HKII', 10.0, 9.9, 8.9, 9.42);
INSERT INTO chitiet_diem (ID_HOCSINH, ID_MONHOC, ID_HOCKY, diem15, diem45, diemck, diemtb) VALUES
('HS017', 'MH004', 'HKI', 5.6, 5.5, 4.8, 5.17),
('HS017', 'MH004', 'HKII', 7.8, 7.2, 8.3, 7.85),
('HS017', 'MH005', 'HKI', 9.7, 8.2, 9.6, 9.15),
('HS017', 'MH005', 'HKII', 8.0, 8.8, 7.5, 8.02),
('HS017', 'MH006', 'HKI', 8.2, 9.4, 7.6, 8.30),
('HS017', 'MH006', 'HKII', 5.1, 5.2, 5.5, 5.33),
('HS017', 'MH007', 'HKI', 8.9, 9.2, 8.5, 8.80),
('HS017', 'MH007', 'HKII', 4.7, 5.7, 6.6, 5.98),
('HS017', 'MH008', 'HKI', 6.5, 7.6, 8.2, 7.72),
('HS017', 'MH008', 'HKII', 7.6, 7.3, 5.6, 6.50),
('HS017', 'MH009', 'HKI', 6.4, 8.5, 6.1, 6.95),
('HS017', 'MH009', 'HKII', 5.2, 6.1, 4.6, 5.20),
('HS017', 'MH010', 'HKI', 5.1, 7.4, 6.0, 6.32),
('HS017', 'MH010', 'HKII', 6.2, 7.6, 7.2, 7.17),
('HS017', 'MH011', 'HKI', 6.5, 7.5, 5.3, 6.23),
('HS017', 'MH011', 'HKII', 8.9, 9.9, 8.8, 9.18),
('HS017', 'MH012', 'HKI', 6.7, 7.3, 5.5, 6.30),
('HS017', 'MH012', 'HKII', 8.6, 8.7, 8.6, 8.63),
('HS018', 'MH001', 'HKI', 2.8, 3.0, 2.5, 2.72),
('HS018', 'MH001', 'HKII', 2.0, 1.5, 1.1, 1.38),
('HS018', 'MH002', 'HKI', 4.8, 4.4, 4.7, 4.62),
('HS018', 'MH002', 'HKII', 4.0, 4.4, 5.5, 4.88),
('HS018', 'MH003', 'HKI', 1.7, 1.8, 2.0, 1.88),
('HS018', 'MH003', 'HKII', 3.2, 3.3, 2.3, 2.78),
('HS018', 'MH004', 'HKI', 4.8, 4.5, 4.7, 4.65),
('HS018', 'MH004', 'HKII', 2.4, 4.3, 2.4, 3.03),
('HS018', 'MH005', 'HKI', 3.2, 3.4, 2.8, 3.07),
('HS018', 'MH005', 'HKII', 3.7, 4.1, 4.6, 4.28),
('HS018', 'MH006', 'HKI', 4.6, 2.7, 3.5, 3.42),
('HS018', 'MH006', 'HKII', 3.9, 3.0, 5.1, 4.20);
INSERT INTO chitiet_diem (ID_HOCSINH, ID_MONHOC, ID_HOCKY, diem15, diem45, diemck, diemtb) VALUES
('HS018', 'MH007', 'HKI', 3.5, 3.8, 4.7, 4.20),
('HS018', 'MH007', 'HKII', 2.3, 2.9, 3.8, 3.25),
('HS018', 'MH008', 'HKI', 5.3, 4.3, 3.7, 4.17),
('HS018', 'MH008', 'HKII', 2.9, 3.5, 3.2, 3.25),
('HS018', 'MH009', 'HKI', 5.0, 3.7, 4.5, 4.32),
('HS018', 'MH009', 'HKII', 2.0, 2.1, 3.2, 2.63),
('HS018', 'MH010', 'HKI', 5.3, 4.4, 4.8, 4.75),
('HS018', 'MH010', 'HKII', 3.7, 4.6, 3.0, 3.65),
('HS018', 'MH011', 'HKI', 3.2, 2.6, 2.1, 2.45),
('HS018', 'MH011', 'HKII', 3.2, 2.2, 2.2, 2.37),
('HS018', 'MH012', 'HKI', 2.2, 2.0, 1.8, 1.93),
('HS018', 'MH012', 'HKII', 3.5, 3.4, 3.7, 3.57),
('HS019', 'MH001', 'HKI', 4.8, 4.8, 5.5, 5.15),
('HS019', 'MH001', 'HKII', 6.7, 7.8, 6.6, 7.02),
('HS019', 'MH002', 'HKI', 7.8, 7.5, 6.3, 6.95),
('HS019', 'MH002', 'HKII', 7.8, 9.4, 8.5, 8.68),
('HS019', 'MH003', 'HKI', 7.3, 8.5, 7.8, 7.95),
('HS019', 'MH003', 'HKII', 9.0, 9.0, 8.5, 8.75),
('HS019', 'MH004', 'HKI', 6.8, 7.5, 6.7, 6.98),
('HS019', 'MH004', 'HKII', 9.7, 9.3, 9.3, 9.37),
('HS019', 'MH005', 'HKI', 8.6, 9.2, 7.4, 8.20),
('HS019', 'MH005', 'HKII', 9.1, 8.7, 9.2, 9.02),
('HS019', 'MH006', 'HKI', 8.6, 8.8, 8.5, 8.62),
('HS019', 'MH006', 'HKII', 5.7, 7.6, 5.6, 6.28),
('HS019', 'MH007', 'HKI', 10.0, 9.8, 8.1, 8.98),
('HS019', 'MH007', 'HKII', 7.3, 7.2, 8.4, 7.82),
('HS019', 'MH008', 'HKI', 5.8, 5.4, 6.2, 5.87),
('HS019', 'MH008', 'HKII', 8.0, 7.1, 6.9, 7.15),
('HS019', 'MH009', 'HKI', 6.0, 6.4, 5.4, 5.83),
('HS019', 'MH009', 'HKII', 5.3, 6.6, 6.0, 6.08);
INSERT INTO chitiet_diem (ID_HOCSINH, ID_MONHOC, ID_HOCKY, diem15, diem45, diemck, diemtb) VALUES
('HS019', 'MH010', 'HKI', 10.0, 8.6, 10.0, 9.53),
('HS019', 'MH010', 'HKII', 7.3, 8.4, 8.8, 8.42),
('HS019', 'MH011', 'HKI', 7.9, 8.3, 8.5, 8.33),
('HS019', 'MH011', 'HKII', 6.5, 7.2, 7.2, 7.08),
('HS019', 'MH012', 'HKI', 6.0, 5.7, 5.9, 5.85),
('HS019', 'MH012', 'HKII', 8.3, 7.1, 8.1, 7.80),
('HS020', 'MH001', 'HKI', 2.3, 3.1, 3.3, 3.07),
('HS020', 'MH001', 'HKII', 3.1, 4.4, 3.7, 3.83),
('HS020', 'MH002', 'HKI', 5.4, 4.3, 4.2, 4.43),
('HS020', 'MH002', 'HKII', 3.6, 2.3, 2.1, 2.42),
('HS020', 'MH003', 'HKI', 2.0, 2.7, 2.4, 2.43),
('HS020', 'MH003', 'HKII', 3.9, 3.0, 3.3, 3.30),
('HS020', 'MH004', 'HKI', 3.6, 3.3, 2.7, 3.05),
('HS020', 'MH004', 'HKII', 4.4, 3.2, 3.5, 3.55),
('HS020', 'MH005', 'HKI', 1.1, 3.3, 2.7, 2.63),
('HS020', 'MH005', 'HKII', 4.4, 3.1, 2.7, 3.12),
('HS020', 'MH006', 'HKI', 3.4, 4.9, 2.8, 3.60),
('HS020', 'MH006', 'HKII', 4.4, 4.9, 3.6, 4.17),
('HS020', 'MH007', 'HKI', 4.2, 3.3, 3.6, 3.60),
('HS020', 'MH007', 'HKII', 5.0, 3.3, 5.5, 4.68),
('HS020', 'MH008', 'HKI', 1.8, 2.7, 4.0, 3.20),
('HS020', 'MH008', 'HKII', 2.3, 2.2, 4.3, 3.27),
('HS020', 'MH009', 'HKI', 1.7, 2.8, 1.2, 1.82),
('HS020', 'MH009', 'HKII', 4.6, 4.2, 3.0, 3.67),
('HS020', 'MH010', 'HKI', 4.4, 3.2, 3.4, 3.50),
('HS020', 'MH010', 'HKII', 4.8, 3.7, 2.4, 3.23),
('HS020', 'MH011', 'HKI', 3.7, 2.5, 2.7, 2.80),
('HS020', 'MH011', 'HKII', 3.4, 3.8, 2.9, 3.28),
('HS020', 'MH012', 'HKI', 3.3, 3.5, 2.7, 3.07),
('HS020', 'MH012', 'HKII', 4.4, 3.0, 4.7, 4.08);
INSERT INTO chitiet_diem (ID_HOCSINH, ID_MONHOC, ID_HOCKY, diem15, diem45, diemck, diemtb) VALUES
('HS021', 'MH001', 'HKI', 9.4, 8.2, 8.1, 8.35),
('HS021', 'MH001', 'HKII', 8.6, 8.9, 7.3, 8.05),
('HS021', 'MH002', 'HKI', 7.1, 7.0, 8.3, 7.67),
('HS021', 'MH002', 'HKII', 4.2, 5.9, 5.3, 5.32),
('HS021', 'MH003', 'HKI', 5.8, 7.1, 5.9, 6.28),
('HS021', 'MH003', 'HKII', 5.6, 6.7, 5.9, 6.12),
('HS021', 'MH004', 'HKI', 5.5, 5.8, 4.3, 5.00),
('HS021', 'MH004', 'HKII', 6.5, 7.9, 7.8, 7.62),
('HS021', 'MH005', 'HKI', 6.7, 6.0, 4.9, 5.57),
('HS021', 'MH005', 'HKII', 9.0, 10.0, 8.9, 9.28),
('HS021', 'MH006', 'HKI', 6.3, 7.2, 6.3, 6.60),
('HS021', 'MH006', 'HKII', 8.4, 10.0, 8.7, 9.08),
('HS021', 'MH007', 'HKI', 9.1, 9.1, 8.3, 8.70),
('HS021', 'MH007', 'HKII', 7.7, 7.6, 7.5, 7.57),
('HS021', 'MH008', 'HKI', 7.6, 10.0, 8.6, 8.90),
('HS021', 'MH008', 'HKII', 8.4, 7.9, 7.8, 7.93),
('HS021', 'MH009', 'HKI', 5.6, 5.2, 5.6, 5.47),
('HS021', 'MH009', 'HKII', 5.6, 6.6, 5.8, 6.03),
('HS021', 'MH010', 'HKI', 8.9, 10.0, 8.2, 8.92),
('HS021', 'MH010', 'HKII', 7.1, 7.0, 7.7, 7.37),
('HS021', 'MH011', 'HKI', 6.9, 8.5, 10.0, 8.98),
('HS021', 'MH011', 'HKII', 7.4, 8.3, 8.3, 8.15),
('HS021', 'MH012', 'HKI', 7.8, 7.0, 8.2, 7.73),
('HS021', 'MH012', 'HKII', 6.7, 5.9, 7.1, 6.63),
('HS022', 'MH001', 'HKI', 4.2, 5.2, 5.8, 5.33),
('HS022', 'MH001', 'HKII', 6.3, 7.4, 6.2, 6.62),
('HS022', 'MH002', 'HKI', 5.6, 5.3, 6.3, 5.85),
('HS022', 'MH002', 'HKII', 9.0, 8.0, 10.0, 9.17),
('HS022', 'MH003', 'HKI', 10.0, 8.3, 10.0, 9.43),
('HS022', 'MH003', 'HKII', 9.8, 9.9, 8.3, 9.08);
INSERT INTO chitiet_diem (ID_HOCSINH, ID_MONHOC, ID_HOCKY, diem15, diem45, diemck, diemtb) VALUES
('HS022', 'MH004', 'HKI', 6.1, 6.2, 5.6, 5.88),
('HS022', 'MH004', 'HKII', 10.0, 10.0, 9.8, 9.90),
('HS022', 'MH005', 'HKI', 6.9, 6.7, 8.1, 7.43),
('HS022', 'MH005', 'HKII', 9.0, 9.1, 8.9, 8.98),
('HS022', 'MH006', 'HKI', 7.8, 7.2, 6.6, 7.00),
('HS022', 'MH006', 'HKII', 6.0, 7.0, 6.4, 6.53),
('HS022', 'MH007', 'HKI', 8.4, 8.9, 9.0, 8.87),
('HS022', 'MH007', 'HKII', 6.4, 7.3, 5.3, 6.15),
('HS022', 'MH008', 'HKI', 8.1, 7.5, 8.7, 8.20),
('HS022', 'MH008', 'HKII', 7.3, 6.3, 7.0, 6.82),
('HS022', 'MH009', 'HKI', 8.1, 8.8, 9.2, 8.88),
('HS022', 'MH009', 'HKII', 7.2, 6.1, 8.5, 7.48),
('HS022', 'MH010', 'HKI', 6.2, 6.8, 6.6, 6.60),
('HS022', 'MH010', 'HKII', 5.4, 7.2, 7.1, 6.85),
('HS022', 'MH011', 'HKI', 9.1, 9.0, 9.5, 9.27),
('HS022', 'MH011', 'HKII', 7.5, 6.3, 8.5, 7.60),
('HS022', 'MH012', 'HKI', 5.5, 6.8, 6.2, 6.28),
('HS022', 'MH012', 'HKII', 9.4, 7.4, 8.9, 8.48),
('HS023', 'MH001', 'HKI', 7.4, 8.3, 7.0, 7.50),
('HS023', 'MH001', 'HKII', 6.8, 8.8, 6.8, 7.47),
('HS023', 'MH002', 'HKI', 8.6, 8.9, 9.2, 9.00),
('HS023', 'MH002', 'HKII', 7.4, 6.9, 7.2, 7.13),
('HS023', 'MH003', 'HKI', 7.5, 7.2, 7.4, 7.35),
('HS023', 'MH003', 'HKII', 7.5, 9.5, 7.8, 8.32),
('HS023', 'MH004', 'HKI', 7.7, 7.7, 6.7, 7.20),
('HS023', 'MH004', 'HKII', 4.8, 5.5, 4.9, 5.08),
('HS023', 'MH005', 'HKI', 6.2, 6.6, 4.3, 5.38),
('HS023', 'MH005', 'HKII', 8.0, 6.6, 6.7, 6.88),
('HS023', 'MH006', 'HKI', 7.4, 6.5, 5.1, 5.95),
('HS023', 'MH006', 'HKII', 6.2, 6.6, 7.5, 6.98);
INSERT INTO chitiet_diem (ID_HOCSINH, ID_MONHOC, ID_HOCKY, diem15, diem45, diemck, diemtb) VALUES
('HS023', 'MH007', 'HKI', 8.3, 8.4, 9.9, 9.13),
('HS023', 'MH007', 'HKII', 7.5, 7.0, 8.3, 7.73),
('HS023', 'MH008', 'HKI', 7.7, 8.0, 7.3, 7.60),
('HS023', 'MH008', 'HKII', 6.9, 5.9, 5.8, 6.02),
('HS023', 'MH009', 'HKI', 9.3, 9.3, 8.2, 8.75),
('HS023', 'MH009', 'HKII', 8.2, 8.2, 6.7, 7.45),
('HS023', 'MH010', 'HKI', 7.2, 7.0, 6.6, 6.83),
('HS023', 'MH010', 'HKII', 6.9, 5.8, 6.8, 6.48),
('HS023', 'MH011', 'HKI', 7.2, 7.6, 6.6, 7.03),
('HS023', 'MH011', 'HKII', 5.8, 7.4, 6.1, 6.48),
('HS023', 'MH012', 'HKI', 9.1, 7.9, 8.5, 8.40),
('HS023', 'MH012', 'HKII', 6.5, 5.8, 6.2, 6.12),
('HS024', 'MH001', 'HKI', 3.7, 4.9, 1.7, 3.10),
('HS024', 'MH001', 'HKII', 2.1, 2.5, 2.2, 2.28),
('HS024', 'MH002', 'HKI', 3.3, 5.1, 3.7, 4.10),
('HS024', 'MH002', 'HKII', 5.1, 4.2, 3.3, 3.90),
('HS024', 'MH003', 'HKI', 2.6, 4.0, 3.7, 3.62),
('HS024', 'MH003', 'HKII', 3.2, 0.6, 2.1, 1.78),
('HS024', 'MH004', 'HKI', 0.7, 3.1, 4.3, 3.30),
('HS024', 'MH004', 'HKII', 3.1, 1.5, 3.3, 2.67),
('HS024', 'MH005', 'HKI', 2.9, 3.4, 2.6, 2.92),
('HS024', 'MH005', 'HKII', 4.3, 3.9, 5.4, 4.72),
('HS024', 'MH006', 'HKI', 1.3, 1.7, 1.9, 1.73),
('HS024', 'MH006', 'HKII', 3.2, 4.7, 2.4, 3.30),
('HS024', 'MH007', 'HKI', 3.7, 2.5, 3.3, 3.10),
('HS024', 'MH007', 'HKII', 4.2, 2.9, 3.5, 3.42),
('HS024', 'MH008', 'HKI', 2.8, 3.4, 3.2, 3.20),
('HS024', 'MH008', 'HKII', 2.8, 2.3, 3.5, 2.98),
('HS024', 'MH009', 'HKI', 4.1, 3.9, 3.6, 3.78),
('HS024', 'MH009', 'HKII', 3.8, 3.1, 2.6, 2.97);
INSERT INTO chitiet_diem (ID_HOCSINH, ID_MONHOC, ID_HOCKY, diem15, diem45, diemck, diemtb) VALUES
('HS024', 'MH010', 'HKI', 3.3, 3.8, 3.6, 3.62),
('HS024', 'MH010', 'HKII', 1.1, 3.0, 3.7, 3.03),
('HS024', 'MH011', 'HKI', 3.1, 4.7, 4.5, 4.33),
('HS024', 'MH011', 'HKII', 4.1, 4.4, 3.0, 3.65),
('HS024', 'MH012', 'HKI', 0.7, 2.7, 1.7, 1.87),
('HS024', 'MH012', 'HKII', 3.4, 2.0, 3.5, 2.98),
('HS025', 'MH001', 'HKI', 5.3, 6.3, 6.7, 6.33),
('HS025', 'MH001', 'HKII', 6.8, 8.2, 8.0, 7.87),
('HS025', 'MH002', 'HKI', 9.8, 10.0, 9.1, 9.52),
('HS025', 'MH002', 'HKII', 5.8, 4.6, 5.1, 5.05),
('HS025', 'MH003', 'HKI', 5.6, 5.4, 5.7, 5.58),
('HS025', 'MH003', 'HKII', 6.5, 7.5, 7.4, 7.28),
('HS025', 'MH004', 'HKI', 7.6, 6.8, 6.9, 6.98),
('HS025', 'MH004', 'HKII', 8.4, 10.0, 8.3, 8.88),
('HS025', 'MH005', 'HKI', 8.7, 9.1, 8.9, 8.93),
('HS025', 'MH005', 'HKII', 6.5, 6.2, 7.4, 6.85),
('HS025', 'MH006', 'HKI', 6.6, 8.0, 6.6, 7.07),
('HS025', 'MH006', 'HKII', 8.3, 8.8, 7.1, 7.87),
('HS025', 'MH007', 'HKI', 7.4, 7.8, 5.2, 6.43),
('HS025', 'MH007', 'HKII', 6.9, 7.0, 5.2, 6.08),
('HS025', 'MH008', 'HKI', 7.9, 7.5, 6.8, 7.22),
('HS025', 'MH008', 'HKII', 8.6, 8.1, 7.7, 7.98),
('HS025', 'MH009', 'HKI', 7.8, 7.7, 8.3, 8.02),
('HS025', 'MH009', 'HKII', 8.7, 6.8, 7.7, 7.57),
('HS025', 'MH010', 'HKI', 8.3, 7.5, 8.3, 8.03),
('HS025', 'MH010', 'HKII', 9.0, 7.4, 8.1, 8.02),
('HS025', 'MH011', 'HKI', 6.9, 7.2, 5.1, 6.10),
('HS025', 'MH011', 'HKII', 7.1, 7.7, 6.6, 7.05),
('HS025', 'MH012', 'HKI', 8.0, 9.0, 8.9, 8.78),
('HS025', 'MH012', 'HKII', 6.3, 7.8, 6.5, 6.90);
INSERT INTO chitiet_diem (ID_HOCSINH, ID_MONHOC, ID_HOCKY, diem15, diem45, diemck, diemtb) VALUES
('HS026', 'MH001', 'HKI', 6.4, 6.6, 8.2, 7.37),
('HS026', 'MH001', 'HKII', 8.4, 8.2, 8.2, 8.23),
('HS026', 'MH002', 'HKI', 9.2, 10.0, 9.1, 9.42),
('HS026', 'MH002', 'HKII', 8.6, 7.7, 7.9, 7.95),
('HS026', 'MH003', 'HKI', 9.1, 8.2, 10.0, 9.25),
('HS026', 'MH003', 'HKII', 8.2, 7.5, 7.8, 7.77),
('HS026', 'MH004', 'HKI', 6.2, 6.2, 5.6, 5.90),
('HS026', 'MH004', 'HKII', 5.0, 5.2, 7.6, 6.37),
('HS026', 'MH005', 'HKI', 6.0, 4.9, 6.4, 5.83),
('HS026', 'MH005', 'HKII', 7.2, 6.3, 7.7, 7.15),
('HS026', 'MH006', 'HKI', 5.5, 5.1, 6.5, 5.87),
('HS026', 'MH006', 'HKII', 7.5, 7.6, 6.7, 7.13),
('HS026', 'MH007', 'HKI', 7.5, 8.3, 8.7, 8.37),
('HS026', 'MH007', 'HKII', 6.8, 5.7, 5.3, 5.68),
('HS026', 'MH008', 'HKI', 8.6, 9.1, 8.3, 8.62),
('HS026', 'MH008', 'HKII', 8.8, 8.8, 9.2, 9.00),
('HS026', 'MH009', 'HKI', 5.5, 6.8, 5.9, 6.13),
('HS026', 'MH009', 'HKII', 7.4, 8.2, 8.4, 8.17),
('HS026', 'MH010', 'HKI', 5.9, 7.0, 8.3, 7.47),
('HS026', 'MH010', 'HKII', 7.8, 7.8, 8.7, 8.25),
('HS026', 'MH011', 'HKI', 8.5, 8.3, 8.5, 8.43),
('HS026', 'MH011', 'HKII', 5.7, 6.8, 7.5, 6.97),
('HS026', 'MH012', 'HKI', 9.6, 7.7, 8.1, 8.22),
('HS026', 'MH012', 'HKII', 8.0, 8.0, 5.6, 6.80),
('HS027', 'MH001', 'HKI', 7.5, 6.3, 8.6, 7.65),
('HS027', 'MH001', 'HKII', 6.8, 5.1, 5.6, 5.63),
('HS027', 'MH002', 'HKI', 9.5, 8.4, 8.0, 8.38),
('HS027', 'MH002', 'HKII', 9.2, 7.8, 7.5, 7.88),
('HS027', 'MH003', 'HKI', 9.2, 8.3, 8.0, 8.30),
('HS027', 'MH003', 'HKII', 8.0, 7.3, 7.5, 7.52);
INSERT INTO chitiet_diem (ID_HOCSINH, ID_MONHOC, ID_HOCKY, diem15, diem45, diemck, diemtb) VALUES
('HS027', 'MH004', 'HKI', 7.7, 7.4, 7.8, 7.65),
('HS027', 'MH004', 'HKII', 6.0, 5.8, 4.8, 5.33),
('HS027', 'MH005', 'HKI', 9.6, 9.7, 10.0, 9.83),
('HS027', 'MH005', 'HKII', 8.1, 7.1, 6.0, 6.72),
('HS027', 'MH006', 'HKI', 6.2, 7.1, 7.3, 7.05),
('HS027', 'MH006', 'HKII', 6.0, 5.7, 6.2, 6.00),
('HS027', 'MH007', 'HKI', 6.4, 7.5, 6.9, 7.02),
('HS027', 'MH007', 'HKII', 6.5, 7.2, 6.2, 6.58),
('HS027', 'MH008', 'HKI', 6.4, 7.0, 5.3, 6.05),
('HS027', 'MH008', 'HKII', 8.3, 7.1, 7.4, 7.45),
('HS027', 'MH009', 'HKI', 6.7, 8.5, 7.1, 7.50),
('HS027', 'MH009', 'HKII', 9.9, 9.9, 10.0, 9.95),
('HS027', 'MH010', 'HKI', 6.3, 5.6, 6.5, 6.17),
('HS027', 'MH010', 'HKII', 7.8, 8.2, 7.3, 7.68),
('HS027', 'MH011', 'HKI', 8.0, 8.2, 7.8, 7.97),
('HS027', 'MH011', 'HKII', 9.0, 9.5, 9.8, 9.57),
('HS027', 'MH012', 'HKI', 9.8, 9.7, 7.8, 8.77),
('HS027', 'MH012', 'HKII', 4.0, 4.2, 6.7, 5.42),
('HS028', 'MH001', 'HKI', 4.6, 4.7, 4.3, 4.48),
('HS028', 'MH001', 'HKII', 2.5, 4.2, 3.7, 3.67),
('HS028', 'MH002', 'HKI', 2.7, 3.5, 1.7, 2.47),
('HS028', 'MH002', 'HKII', 2.0, 3.4, 4.6, 3.77),
('HS028', 'MH003', 'HKI', 0.5, 1.2, 3.3, 2.13),
('HS028', 'MH003', 'HKII', 2.0, 4.0, 2.6, 2.97),
('HS028', 'MH004', 'HKI', 2.5, 3.0, 1.7, 2.27),
('HS028', 'MH004', 'HKII', 2.2, 3.0, 4.0, 3.37),
('HS028', 'MH005', 'HKI', 3.1, 3.9, 2.6, 3.12),
('HS028', 'MH005', 'HKII', 1.7, 3.5, 2.3, 2.60),
('HS028', 'MH006', 'HKI', 3.3, 2.8, 4.7, 3.83),
('HS028', 'MH006', 'HKII', 2.4, 2.6, 2.1, 2.32);
INSERT INTO chitiet_diem (ID_HOCSINH, ID_MONHOC, ID_HOCKY, diem15, diem45, diemck, diemtb) VALUES
('HS028', 'MH007', 'HKI', 1.5, 1.8, 0.9, 1.30),
('HS028', 'MH007', 'HKII', 3.1, 4.8, 2.9, 3.57),
('HS028', 'MH008', 'HKI', 4.9, 5.0, 2.2, 3.58),
('HS028', 'MH008', 'HKII', 4.5, 3.9, 5.2, 4.65),
('HS028', 'MH009', 'HKI', 3.0, 4.3, 2.2, 3.03),
('HS028', 'MH009', 'HKII', 2.7, 3.4, 3.2, 3.18),
('HS028', 'MH010', 'HKI', 2.8, 4.0, 3.8, 3.70),
('HS028', 'MH010', 'HKII', 4.2, 5.5, 4.5, 4.78),
('HS028', 'MH011', 'HKI', 5.9, 4.8, 3.9, 4.53),
('HS028', 'MH011', 'HKII', 1.3, 1.6, 2.0, 1.75),
('HS028', 'MH012', 'HKI', 5.1, 3.2, 4.8, 4.32),
('HS028', 'MH012', 'HKII', 2.2, 2.5, 3.9, 3.15),
('HS029', 'MH001', 'HKI', 7.2, 7.1, 7.6, 7.37),
('HS029', 'MH001', 'HKII', 7.4, 5.8, 6.5, 6.42),
('HS029', 'MH002', 'HKI', 6.3, 7.1, 5.0, 5.92),
('HS029', 'MH002', 'HKII', 9.3, 9.0, 9.3, 9.20),
('HS029', 'MH003', 'HKI', 9.9, 9.8, 9.1, 9.47),
('HS029', 'MH003', 'HKII', 7.4, 6.6, 8.2, 7.53),
('HS029', 'MH004', 'HKI', 7.2, 8.2, 6.8, 7.33),
('HS029', 'MH004', 'HKII', 9.8, 8.6, 9.5, 9.25),
('HS029', 'MH005', 'HKI', 8.5, 8.2, 10.0, 9.15),
('HS029', 'MH005', 'HKII', 9.2, 8.7, 8.9, 8.88),
('HS029', 'MH006', 'HKI', 6.8, 6.5, 6.3, 6.45),
('HS029', 'MH006', 'HKII', 7.6, 5.8, 6.1, 6.25),
('HS029', 'MH007', 'HKI', 5.5, 6.3, 7.1, 6.57),
('HS029', 'MH007', 'HKII', 7.6, 6.7, 7.7, 7.35),
('HS029', 'MH008', 'HKI', 9.2, 8.4, 9.0, 8.83),
('HS029', 'MH008', 'HKII', 7.7, 6.7, 6.6, 6.82),
('HS029', 'MH009', 'HKI', 8.2, 7.3, 6.2, 6.90),
('HS029', 'MH009', 'HKII', 6.8, 6.7, 7.5, 7.12);
INSERT INTO chitiet_diem (ID_HOCSINH, ID_MONHOC, ID_HOCKY, diem15, diem45, diemck, diemtb) VALUES
('HS029', 'MH010', 'HKI', 7.8, 8.2, 6.6, 7.33),
('HS029', 'MH010', 'HKII', 6.5, 5.3, 4.7, 5.20),
('HS029', 'MH011', 'HKI', 6.0, 7.1, 6.0, 6.37),
('HS029', 'MH011', 'HKII', 7.1, 7.0, 6.7, 6.87),
('HS029', 'MH012', 'HKI', 7.8, 8.2, 9.1, 8.58),
('HS029', 'MH012', 'HKII', 7.5, 8.1, 6.4, 7.15),
('HS030', 'MH001', 'HKI', 6.6, 7.8, 5.5, 6.45),
('HS030', 'MH001', 'HKII', 10.0, 7.7, 8.9, 8.68),
('HS030', 'MH002', 'HKI', 7.9, 5.2, 6.6, 6.35),
('HS030', 'MH002', 'HKII', 4.7, 5.4, 6.5, 5.83),
('HS030', 'MH003', 'HKI', 7.8, 5.4, 8.0, 7.10),
('HS030', 'MH003', 'HKII', 7.9, 7.8, 9.1, 8.47),
('HS030', 'MH004', 'HKI', 8.7, 8.4, 7.2, 7.85),
('HS030', 'MH004', 'HKII', 7.1, 8.2, 7.9, 7.87),
('HS030', 'MH005', 'HKI', 8.1, 10.0, 9.4, 9.38),
('HS030', 'MH005', 'HKII', 6.1, 7.8, 7.3, 7.27),
('HS030', 'MH006', 'HKI', 7.6, 8.8, 7.4, 7.90),
('HS030', 'MH006', 'HKII', 6.3, 5.7, 6.2, 6.05),
('HS030', 'MH007', 'HKI', 8.0, 7.7, 9.3, 8.55),
('HS030', 'MH007', 'HKII', 9.3, 9.0, 7.9, 8.50),
('HS030', 'MH008', 'HKI', 7.3, 8.0, 7.6, 7.68),
('HS030', 'MH008', 'HKII', 5.9, 7.6, 6.8, 6.92),
('HS030', 'MH009', 'HKI', 10.0, 9.0, 8.0, 8.67),
('HS030', 'MH009', 'HKII', 9.2, 8.3, 9.1, 8.85),
('HS030', 'MH010', 'HKI', 9.0, 7.8, 9.5, 8.85),
('HS030', 'MH010', 'HKII', 7.8, 8.1, 7.6, 7.80),
('HS030', 'MH011', 'HKI', 7.8, 7.9, 6.6, 7.23),
('HS030', 'MH011', 'HKII', 5.3, 8.1, 7.2, 7.18),
('HS030', 'MH012', 'HKI', 7.6, 5.4, 6.5, 6.32),
('HS030', 'MH012', 'HKII', 7.8, 8.0, 6.6, 7.27);
INSERT INTO chitiet_diem (ID_HOCSINH, ID_MONHOC, ID_HOCKY, diem15, diem45, diemck, diemtb) VALUES
('HS031', 'MH001', 'HKI', 3.4, 1.9, 4.4, 3.40),
('HS031', 'MH001', 'HKII', 4.7, 3.2, 4.0, 3.85),
('HS031', 'MH002', 'HKI', 4.0, 3.1, 2.4, 2.90),
('HS031', 'MH002', 'HKII', 3.6, 3.4, 5.0, 4.23),
('HS031', 'MH003', 'HKI', 4.8, 4.7, 3.6, 4.17),
('HS031', 'MH003', 'HKII', 3.4, 4.5, 2.5, 3.32),
('HS031', 'MH004', 'HKI', 2.8, 2.5, 4.7, 3.65),
('HS031', 'MH004', 'HKII', 5.0, 3.5, 4.5, 4.25),
('HS031', 'MH005', 'HKI', 1.5, 4.8, 2.9, 3.30),
('HS031', 'MH005', 'HKII', 4.0, 2.7, 2.3, 2.72),
('HS031', 'MH006', 'HKI', 4.1, 4.0, 4.8, 4.42),
('HS031', 'MH006', 'HKII', 3.4, 4.2, 2.4, 3.17),
('HS031', 'MH007', 'HKI', 2.6, 1.6, 3.4, 2.67),
('HS031', 'MH007', 'HKII', 4.7, 4.9, 4.8, 4.82),
('HS031', 'MH008', 'HKI', 1.9, 2.0, 2.4, 2.18),
('HS031', 'MH008', 'HKII', 2.6, 2.9, 3.5, 3.15),
('HS031', 'MH009', 'HKI', 4.0, 3.2, 3.5, 3.48),
('HS031', 'MH009', 'HKII', 4.2, 3.4, 2.4, 3.03),
('HS031', 'MH010', 'HKI', 3.4, 2.6, 3.2, 3.03),
('HS031', 'MH010', 'HKII', 2.5, 2.9, 2.7, 2.73),
('HS031', 'MH011', 'HKI', 2.5, 3.5, 3.8, 3.48),
('HS031', 'MH011', 'HKII', 3.8, 4.4, 2.3, 3.25),
('HS031', 'MH012', 'HKI', 2.2, 3.7, 1.7, 2.45),
('HS031', 'MH012', 'HKII', 3.6, 5.5, 3.7, 4.28),
('HS032', 'MH001', 'HKI', 5.8, 5.7, 5.1, 5.42),
('HS032', 'MH001', 'HKII', 7.3, 6.3, 7.3, 6.97),
('HS032', 'MH002', 'HKI', 7.9, 8.4, 8.1, 8.17),
('HS032', 'MH002', 'HKII', 4.3, 6.4, 6.2, 5.95),
('HS032', 'MH003', 'HKI', 8.8, 9.1, 9.1, 9.05),
('HS032', 'MH003', 'HKII', 7.4, 8.8, 8.9, 8.62);
INSERT INTO chitiet_diem (ID_HOCSINH, ID_MONHOC, ID_HOCKY, diem15, diem45, diemck, diemtb) VALUES
('HS032', 'MH004', 'HKI', 7.7, 10.0, 8.8, 9.02),
('HS032', 'MH004', 'HKII', 5.1, 6.9, 7.1, 6.70),
('HS032', 'MH005', 'HKI', 7.3, 8.2, 7.3, 7.60),
('HS032', 'MH005', 'HKII', 6.0, 6.4, 5.4, 5.83),
('HS032', 'MH006', 'HKI', 6.1, 6.2, 5.3, 5.73),
('HS032', 'MH006', 'HKII', 7.4, 5.0, 7.2, 6.50),
('HS032', 'MH007', 'HKI', 5.8, 7.1, 7.0, 6.83),
('HS032', 'MH007', 'HKII', 7.4, 7.5, 7.2, 7.33),
('HS032', 'MH008', 'HKI', 9.9, 9.0, 9.1, 9.20),
('HS032', 'MH008', 'HKII', 5.6, 5.8, 5.4, 5.57),
('HS032', 'MH009', 'HKI', 7.6, 6.7, 4.8, 5.90),
('HS032', 'MH009', 'HKII', 9.2, 8.2, 8.5, 8.52),
('HS032', 'MH010', 'HKI', 7.2, 6.8, 7.0, 6.97),
('HS032', 'MH010', 'HKII', 5.9, 5.7, 6.3, 6.03),
('HS032', 'MH011', 'HKI', 10.0, 10.0, 9.2, 9.60),
('HS032', 'MH011', 'HKII', 5.6, 4.4, 6.2, 5.50),
('HS032', 'MH012', 'HKI', 6.5, 6.7, 6.9, 6.77),
('HS032', 'MH012', 'HKII', 7.9, 6.5, 9.5, 8.23),
('HS033', 'MH001', 'HKI', 8.7, 7.1, 9.0, 8.32),
('HS033', 'MH001', 'HKII', 6.7, 8.3, 8.0, 7.88),
('HS033', 'MH002', 'HKI', 9.2, 7.4, 8.8, 8.40),
('HS033', 'MH002', 'HKII', 8.1, 8.4, 8.3, 8.30),
('HS033', 'MH003', 'HKI', 7.6, 7.2, 7.7, 7.52),
('HS033', 'MH003', 'HKII', 6.5, 4.9, 4.9, 5.17),
('HS033', 'MH004', 'HKI', 8.1, 7.8, 7.0, 7.45),
('HS033', 'MH004', 'HKII', 7.9, 8.1, 7.6, 7.82),
('HS033', 'MH005', 'HKI', 10.0, 8.4, 8.6, 8.77),
('HS033', 'MH005', 'HKII', 6.3, 4.4, 5.6, 5.32),
('HS033', 'MH006', 'HKI', 8.9, 10.0, 8.2, 8.92),
('HS033', 'MH006', 'HKII', 6.1, 6.8, 6.4, 6.48);
INSERT INTO chitiet_diem (ID_HOCSINH, ID_MONHOC, ID_HOCKY, diem15, diem45, diemck, diemtb) VALUES
('HS033', 'MH007', 'HKI', 4.8, 5.2, 6.0, 5.53),
('HS033', 'MH007', 'HKII', 4.2, 5.6, 5.3, 5.22),
('HS033', 'MH008', 'HKI', 9.1, 8.4, 7.0, 7.82),
('HS033', 'MH008', 'HKII', 10.0, 9.0, 9.2, 9.27),
('HS033', 'MH009', 'HKI', 8.0, 7.4, 7.3, 7.45),
('HS033', 'MH009', 'HKII', 9.4, 8.5, 8.9, 8.85),
('HS033', 'MH010', 'HKI', 7.2, 7.5, 6.2, 6.80),
('HS033', 'MH010', 'HKII', 7.9, 7.8, 8.7, 8.27),
('HS033', 'MH011', 'HKI', 7.3, 6.9, 8.5, 7.77),
('HS033', 'MH011', 'HKII', 6.9, 7.5, 8.0, 7.65),
('HS033', 'MH012', 'HKI', 6.6, 7.3, 6.6, 6.83),
('HS033', 'MH012', 'HKII', 7.0, 6.6, 4.0, 5.37),
('HS034', 'MH001', 'HKI', 8.6, 7.4, 9.0, 8.40),
('HS034', 'MH001', 'HKII', 6.7, 5.5, 6.1, 6.00),
('HS034', 'MH002', 'HKI', 8.0, 9.3, 9.4, 9.13),
('HS034', 'MH002', 'HKII', 6.2, 4.5, 5.0, 5.03),
('HS034', 'MH003', 'HKI', 6.4, 4.9, 5.3, 5.35),
('HS034', 'MH003', 'HKII', 10.0, 9.6, 9.6, 9.67),
('HS034', 'MH004', 'HKI', 9.3, 7.1, 8.3, 8.07),
('HS034', 'MH004', 'HKII', 9.2, 8.9, 8.0, 8.50),
('HS034', 'MH005', 'HKI', 4.1, 5.1, 5.8, 5.28),
('HS034', 'MH005', 'HKII', 7.0, 5.5, 6.2, 6.10),
('HS034', 'MH006', 'HKI', 9.0, 9.9, 9.6, 9.60),
('HS034', 'MH006', 'HKII', 6.4, 5.4, 5.3, 5.52),
('HS034', 'MH007', 'HKI', 4.8, 5.4, 6.7, 5.95),
('HS034', 'MH007', 'HKII', 5.9, 6.8, 5.9, 6.20),
('HS034', 'MH008', 'HKI', 4.7, 6.4, 6.1, 5.97),
('HS034', 'MH008', 'HKII', 10.0, 10.0, 9.7, 9.85),
('HS034', 'MH009', 'HKI', 6.7, 6.0, 6.5, 6.37),
('HS034', 'MH009', 'HKII', 8.4, 9.4, 8.4, 8.73);
INSERT INTO chitiet_diem (ID_HOCSINH, ID_MONHOC, ID_HOCKY, diem15, diem45, diemck, diemtb) VALUES
('HS034', 'MH010', 'HKI', 9.8, 8.8, 9.6, 9.37),
('HS034', 'MH010', 'HKII', 6.8, 7.1, 8.0, 7.50),
('HS034', 'MH011', 'HKI', 9.0, 9.2, 9.2, 9.17),
('HS034', 'MH011', 'HKII', 6.8, 6.8, 7.6, 7.20),
('HS034', 'MH012', 'HKI', 3.8, 5.6, 6.2, 5.60),
('HS034', 'MH012', 'HKII', 7.1, 7.4, 7.2, 7.25),
('HS035', 'MH001', 'HKI', 2.8, 0.9, 4.4, 2.97),
('HS035', 'MH001', 'HKII', 2.7, 1.5, 1.4, 1.65),
('HS035', 'MH002', 'HKI', 3.7, 2.3, 2.9, 2.83),
('HS035', 'MH002', 'HKII', 3.1, 3.0, 1.3, 2.17),
('HS035', 'MH003', 'HKI', 4.7, 4.0, 2.3, 3.27),
('HS035', 'MH003', 'HKII', 2.6, 3.7, 3.2, 3.27),
('HS035', 'MH004', 'HKI', 2.5, 3.8, 3.1, 3.23),
('HS035', 'MH004', 'HKII', 4.6, 4.1, 4.2, 4.23),
('HS035', 'MH005', 'HKI', 3.2, 4.1, 4.1, 3.95),
('HS035', 'MH005', 'HKII', 0.2, 1.6, 2.0, 1.57),
('HS035', 'MH006', 'HKI', 2.3, 3.5, 3.4, 3.25),
('HS035', 'MH006', 'HKII', 3.6, 3.2, 2.3, 2.82),
('HS035', 'MH007', 'HKI', 2.3, 1.4, 2.7, 2.20),
('HS035', 'MH007', 'HKII', 4.9, 2.6, 5.1, 4.23),
('HS035', 'MH008', 'HKI', 3.8, 3.4, 2.6, 3.07),
('HS035', 'MH008', 'HKII', 1.8, 3.1, 6.0, 4.33),
('HS035', 'MH009', 'HKI', 3.4, 3.0, 3.3, 3.22),
('HS035', 'MH009', 'HKII', 2.6, 3.3, 2.6, 2.83),
('HS035', 'MH010', 'HKI', 2.5, 1.8, 3.1, 2.57),
('HS035', 'MH010', 'HKII', 2.3, 4.0, 3.7, 3.57),
('HS035', 'MH011', 'HKI', 2.4, 3.3, 3.7, 3.35),
('HS035', 'MH011', 'HKII', 4.8, 4.4, 4.7, 4.62),
('HS035', 'MH012', 'HKI', 3.7, 3.4, 5.3, 4.40),
('HS035', 'MH012', 'HKII', 2.9, 2.2, 1.9, 2.17);
INSERT INTO chitiet_diem (ID_HOCSINH, ID_MONHOC, ID_HOCKY, diem15, diem45, diemck, diemtb) VALUES
('HS036', 'MH001', 'HKI', 6.7, 6.0, 7.4, 6.82),
('HS036', 'MH001', 'HKII', 5.6, 6.5, 6.9, 6.55),
('HS036', 'MH002', 'HKI', 7.2, 5.6, 5.6, 5.87),
('HS036', 'MH002', 'HKII', 4.7, 6.4, 5.4, 5.62),
('HS036', 'MH003', 'HKI', 7.1, 7.0, 8.3, 7.67),
('HS036', 'MH003', 'HKII', 8.2, 8.4, 7.6, 7.97),
('HS036', 'MH004', 'HKI', 7.4, 4.9, 4.8, 5.27),
('HS036', 'MH004', 'HKII', 5.9, 6.2, 5.9, 6.00),
('HS036', 'MH005', 'HKI', 8.0, 6.6, 8.5, 7.78),
('HS036', 'MH005', 'HKII', 8.0, 6.5, 7.7, 7.35),
('HS036', 'MH006', 'HKI', 5.3, 6.6, 7.2, 6.68),
('HS036', 'MH006', 'HKII', 7.7, 8.6, 6.6, 7.45),
('HS036', 'MH007', 'HKI', 7.7, 4.6, 6.4, 6.02),
('HS036', 'MH007', 'HKII', 7.7, 8.0, 7.9, 7.90),
('HS036', 'MH008', 'HKI', 9.0, 10.0, 9.1, 9.38),
('HS036', 'MH008', 'HKII', 6.0, 8.0, 7.2, 7.27),
('HS036', 'MH009', 'HKI', 7.0, 8.2, 7.2, 7.50),
('HS036', 'MH009', 'HKII', 7.6, 7.5, 8.3, 7.92),
('HS036', 'MH010', 'HKI', 6.9, 7.2, 6.9, 7.00),
('HS036', 'MH010', 'HKII', 9.8, 8.2, 9.2, 8.97),
('HS036', 'MH011', 'HKI', 10.0, 7.1, 8.2, 8.13),
('HS036', 'MH011', 'HKII', 8.3, 6.1, 6.8, 6.82),
('HS036', 'MH012', 'HKI', 8.3, 8.0, 6.8, 7.45),
('HS036', 'MH012', 'HKII', 6.2, 5.1, 7.9, 6.68),
('HS037', 'MH001', 'HKI', 4.7, 6.3, 7.8, 6.78),
('HS037', 'MH001', 'HKII', 9.5, 8.6, 8.2, 8.55),
('HS037', 'MH002', 'HKI', 8.3, 9.2, 8.7, 8.80),
('HS037', 'MH002', 'HKII', 9.5, 9.6, 8.9, 9.23),
('HS037', 'MH003', 'HKI', 9.8, 9.0, 10.0, 9.63),
('HS037', 'MH003', 'HKII', 6.0, 5.8, 7.7, 6.78);
INSERT INTO chitiet_diem (ID_HOCSINH, ID_MONHOC, ID_HOCKY, diem15, diem45, diemck, diemtb) VALUES
('HS037', 'MH004', 'HKI', 5.5, 6.3, 5.9, 5.97),
('HS037', 'MH004', 'HKII', 10.0, 7.9, 8.8, 8.70),
('HS037', 'MH005', 'HKI', 8.9, 8.8, 8.7, 8.77),
('HS037', 'MH005', 'HKII', 8.5, 8.6, 7.6, 8.08),
('HS037', 'MH006', 'HKI', 5.7, 5.1, 5.5, 5.40),
('HS037', 'MH006', 'HKII', 8.4, 9.9, 8.5, 8.95),
('HS037', 'MH007', 'HKI', 5.2, 6.5, 4.2, 5.13),
('HS037', 'MH007', 'HKII', 6.8, 6.6, 8.4, 7.53),
('HS037', 'MH008', 'HKI', 4.9, 5.2, 4.9, 5.00),
('HS037', 'MH008', 'HKII', 9.2, 9.7, 10.0, 9.77),
('HS037', 'MH009', 'HKI', 9.9, 10.0, 8.0, 8.98),
('HS037', 'MH009', 'HKII', 8.5, 9.2, 9.6, 9.28),
('HS037', 'MH010', 'HKI', 7.2, 9.3, 7.6, 8.10),
('HS037', 'MH010', 'HKII', 6.4, 5.8, 7.1, 6.55),
('HS037', 'MH011', 'HKI', 9.2, 9.3, 7.6, 8.43),
('HS037', 'MH011', 'HKII', 8.9, 7.2, 6.9, 7.33),
('HS037', 'MH012', 'HKI', 7.0, 7.7, 9.0, 8.23),
('HS037', 'MH012', 'HKII', 7.7, 7.2, 7.0, 7.18),
('HS038', 'MH001', 'HKI', 5.0, 6.0, 5.2, 5.43),
('HS038', 'MH001', 'HKII', 7.0, 6.8, 6.7, 6.78),
('HS038', 'MH002', 'HKI', 7.5, 5.6, 6.1, 6.17),
('HS038', 'MH002', 'HKII', 7.4, 7.9, 7.2, 7.47),
('HS038', 'MH003', 'HKI', 7.8, 7.7, 7.7, 7.72),
('HS038', 'MH003', 'HKII', 6.8, 5.6, 6.7, 6.35),
('HS038', 'MH004', 'HKI', 10.0, 8.1, 8.9, 8.82),
('HS038', 'MH004', 'HKII', 7.5, 7.5, 8.9, 8.20),
('HS038', 'MH005', 'HKI', 4.7, 4.9, 5.9, 5.37),
('HS038', 'MH005', 'HKII', 9.5, 9.2, 10.0, 9.65),
('HS038', 'MH006', 'HKI', 7.1, 7.2, 7.0, 7.08),
('HS038', 'MH006', 'HKII', 6.4, 4.8, 4.8, 5.07);
INSERT INTO chitiet_diem (ID_HOCSINH, ID_MONHOC, ID_HOCKY, diem15, diem45, diemck, diemtb) VALUES
('HS038', 'MH007', 'HKI', 8.9, 8.8, 10.0, 9.42),
('HS038', 'MH007', 'HKII', 8.5, 7.8, 7.6, 7.82),
('HS038', 'MH008', 'HKI', 7.3, 6.7, 8.1, 7.50),
('HS038', 'MH008', 'HKII', 8.8, 9.7, 10.0, 9.70),
('HS038', 'MH009', 'HKI', 8.2, 8.6, 9.6, 9.03),
('HS038', 'MH009', 'HKII', 10.0, 8.8, 7.1, 8.15),
('HS038', 'MH010', 'HKI', 5.2, 4.5, 6.3, 5.52),
('HS038', 'MH010', 'HKII', 8.3, 8.2, 9.4, 8.82),
('HS038', 'MH011', 'HKI', 5.9, 6.9, 7.2, 6.88),
('HS038', 'MH011', 'HKII', 9.3, 9.5, 8.2, 8.82),
('HS038', 'MH012', 'HKI', 6.1, 6.3, 4.7, 5.47),
('HS038', 'MH012', 'HKII', 5.7, 8.5, 5.9, 6.73),
('HS039', 'MH001', 'HKI', 9.5, 9.1, 7.4, 8.32),
('HS039', 'MH001', 'HKII', 4.6, 5.7, 6.7, 6.02),
('HS039', 'MH002', 'HKI', 7.6, 6.6, 8.7, 7.82),
('HS039', 'MH002', 'HKII', 5.5, 6.5, 6.4, 6.28),
('HS039', 'MH003', 'HKI', 6.5, 6.1, 5.6, 5.92),
('HS039', 'MH003', 'HKII', 5.5, 6.2, 5.9, 5.93),
('HS039', 'MH004', 'HKI', 6.2, 5.5, 5.7, 5.72),
('HS039', 'MH004', 'HKII', 5.5, 6.1, 6.9, 6.40),
('HS039', 'MH005', 'HKI', 6.8, 6.3, 8.2, 7.33),
('HS039', 'MH005', 'HKII', 9.2, 8.8, 8.6, 8.77),
('HS039', 'MH006', 'HKI', 6.7, 6.1, 8.1, 7.20),
('HS039', 'MH006', 'HKII', 9.1, 8.2, 6.9, 7.70),
('HS039', 'MH007', 'HKI', 6.6, 6.5, 6.8, 6.67),
('HS039', 'MH007', 'HKII', 5.3, 7.1, 6.2, 6.35),
('HS039', 'MH008', 'HKI', 6.3, 5.6, 7.2, 6.52),
('HS039', 'MH008', 'HKII', 9.6, 9.0, 8.8, 9.00),
('HS039', 'MH009', 'HKI', 9.6, 9.4, 8.4, 8.93),
('HS039', 'MH009', 'HKII', 4.8, 6.0, 6.3, 5.95);
INSERT INTO chitiet_diem (ID_HOCSINH, ID_MONHOC, ID_HOCKY, diem15, diem45, diemck, diemtb) VALUES
('HS039', 'MH010', 'HKI', 8.4, 7.4, 6.8, 7.27),
('HS039', 'MH010', 'HKII', 7.5, 5.4, 6.3, 6.20),
('HS039', 'MH011', 'HKI', 9.2, 9.8, 7.5, 8.55),
('HS039', 'MH011', 'HKII', 9.4, 9.1, 9.3, 9.25),
('HS039', 'MH012', 'HKI', 7.7, 6.4, 6.8, 6.82),
('HS039', 'MH012', 'HKII', 9.1, 6.7, 7.3, 7.40),
('HS040', 'MH001', 'HKI', 1.8, 2.9, 4.2, 3.37),
('HS040', 'MH001', 'HKII', 2.5, 3.4, 3.1, 3.10),
('HS040', 'MH002', 'HKI', 0.2, 3.1, 1.1, 1.62),
('HS040', 'MH002', 'HKII', 5.2, 5.1, 3.8, 4.47),
('HS040', 'MH003', 'HKI', 2.3, 3.8, 6.0, 4.65),
('HS040', 'MH003', 'HKII', 3.2, 3.9, 3.5, 3.58),
('HS040', 'MH004', 'HKI', 4.4, 5.2, 3.3, 4.12),
('HS040', 'MH004', 'HKII', 2.7, 2.8, 3.3, 3.03),
('HS040', 'MH005', 'HKI', 2.7, 4.2, 2.2, 2.95),
('HS040', 'MH005', 'HKII', 5.1, 5.4, 3.6, 4.45),
('HS040', 'MH006', 'HKI', 4.1, 4.2, 4.7, 4.43),
('HS040', 'MH006', 'HKII', 4.3, 3.4, 4.1, 3.90),
('HS040', 'MH007', 'HKI', 2.6, 2.3, 2.8, 2.60),
('HS040', 'MH007', 'HKII', 4.5, 3.3, 4.6, 4.15),
('HS040', 'MH008', 'HKI', 4.5, 3.9, 3.9, 4.00),
('HS040', 'MH008', 'HKII', 2.6, 4.5, 2.8, 3.33),
('HS040', 'MH009', 'HKI', 4.5, 3.6, 3.0, 3.45),
('HS040', 'MH009', 'HKII', 2.8, 1.8, 2.0, 2.07),
('HS040', 'MH010', 'HKI', 3.3, 3.4, 4.8, 4.08),
('HS040', 'MH010', 'HKII', 2.8, 3.7, 4.0, 3.70),
('HS040', 'MH011', 'HKI', 0.0, 4.0, 2.2, 2.43),
('HS040', 'MH011', 'HKII', 1.6, 1.2, 3.3, 2.32),
('HS040', 'MH012', 'HKI', 3.5, 2.8, 3.4, 3.22),
('HS040', 'MH012', 'HKII', 1.1, 3.1, 4.2, 3.32);
INSERT INTO chitiet_diem (ID_HOCSINH, ID_MONHOC, ID_HOCKY, diem15, diem45, diemck, diemtb) VALUES
('HS041', 'MH001', 'HKI', 5.8, 7.3, 5.4, 6.10),
('HS041', 'MH001', 'HKII', 9.8, 10.0, 10.0, 9.97),
('HS041', 'MH002', 'HKI', 6.3, 6.4, 5.1, 5.73),
('HS041', 'MH002', 'HKII', 7.6, 8.1, 7.8, 7.87),
('HS041', 'MH003', 'HKI', 4.7, 6.9, 6.7, 6.43),
('HS041', 'MH003', 'HKII', 4.0, 4.7, 5.7, 5.08),
('HS041', 'MH004', 'HKI', 6.2, 6.8, 7.0, 6.80),
('HS041', 'MH004', 'HKII', 8.7, 8.5, 9.9, 9.23),
('HS041', 'MH005', 'HKI', 8.2, 8.4, 8.5, 8.42),
('HS041', 'MH005', 'HKII', 10.0, 6.9, 7.8, 7.87),
('HS041', 'MH006', 'HKI', 5.7, 5.2, 5.2, 5.28),
('HS041', 'MH006', 'HKII', 7.5, 7.5, 7.5, 7.50),
('HS041', 'MH007', 'HKI', 5.8, 5.7, 5.4, 5.57),
('HS041', 'MH007', 'HKII', 7.7, 8.1, 9.5, 8.73),
('HS041', 'MH008', 'HKI', 6.5, 7.4, 7.1, 7.10),
('HS041', 'MH008', 'HKII', 8.2, 9.5, 10.0, 9.53),
('HS041', 'MH009', 'HKI', 8.0, 8.5, 7.6, 7.97),
('HS041', 'MH009', 'HKII', 7.7, 7.0, 6.0, 6.62),
('HS041', 'MH010', 'HKI', 7.5, 7.3, 7.4, 7.38),
('HS041', 'MH010', 'HKII', 8.3, 8.8, 9.1, 8.87),
('HS041', 'MH011', 'HKI', 5.7, 6.6, 6.1, 6.20),
('HS041', 'MH011', 'HKII', 8.7, 8.0, 9.1, 8.67),
('HS041', 'MH012', 'HKI', 6.8, 7.1, 7.9, 7.45),
('HS041', 'MH012', 'HKII', 6.4, 8.1, 7.9, 7.72),
('HS042', 'MH001', 'HKI', 8.5, 6.7, 6.1, 6.70),
('HS042', 'MH001', 'HKII', 10.0, 8.3, 7.9, 8.38),
('HS042', 'MH002', 'HKI', 8.4, 9.1, 8.7, 8.78),
('HS042', 'MH002', 'HKII', 10.0, 10.0, 7.8, 8.90),
('HS042', 'MH003', 'HKI', 6.7, 4.5, 6.6, 5.92),
('HS042', 'MH003', 'HKII', 6.7, 5.0, 6.9, 6.23);
INSERT INTO chitiet_diem (ID_HOCSINH, ID_MONHOC, ID_HOCKY, diem15, diem45, diemck, diemtb) VALUES
('HS042', 'MH004', 'HKI', 6.6, 7.4, 5.0, 6.07),
('HS042', 'MH004', 'HKII', 8.2, 8.2, 9.5, 8.85),
('HS042', 'MH005', 'HKI', 6.9, 6.8, 7.4, 7.12),
('HS042', 'MH005', 'HKII', 8.2, 7.9, 7.9, 7.95),
('HS042', 'MH006', 'HKI', 7.1, 7.6, 10.0, 8.72),
('HS042', 'MH006', 'HKII', 9.3, 9.8, 9.4, 9.52),
('HS042', 'MH007', 'HKI', 8.3, 7.8, 7.3, 7.63),
('HS042', 'MH007', 'HKII', 8.6, 7.6, 8.5, 8.22),
('HS042', 'MH008', 'HKI', 9.7, 10.0, 7.7, 8.80),
('HS042', 'MH008', 'HKII', 7.0, 5.7, 6.8, 6.47),
('HS042', 'MH009', 'HKI', 6.4, 4.1, 5.4, 5.13),
('HS042', 'MH009', 'HKII', 7.7, 7.1, 7.0, 7.15),
('HS042', 'MH010', 'HKI', 7.4, 8.4, 6.4, 7.23),
('HS042', 'MH010', 'HKII', 7.6, 8.4, 9.0, 8.57),
('HS042', 'MH011', 'HKI', 8.8, 9.0, 8.2, 8.57),
('HS042', 'MH011', 'HKII', 7.0, 8.8, 6.8, 7.50),
('HS042', 'MH012', 'HKI', 8.8, 7.7, 7.6, 7.83),
('HS042', 'MH012', 'HKII', 6.6, 8.2, 6.0, 6.83),
('HS043', 'MH001', 'HKI', 10.0, 10.0, 10.0, 10.00),
('HS043', 'MH001', 'HKII', 7.8, 7.3, 7.9, 7.68),
('HS043', 'MH002', 'HKI', 10.0, 10.0, 9.4, 9.70),
('HS043', 'MH002', 'HKII', 6.1, 8.8, 5.7, 6.80),
('HS043', 'MH003', 'HKI', 7.4, 7.7, 7.9, 7.75),
('HS043', 'MH003', 'HKII', 5.3, 5.1, 5.2, 5.18),
('HS043', 'MH004', 'HKI', 8.2, 8.6, 9.1, 8.78),
('HS043', 'MH004', 'HKII', 10.0, 9.1, 10.0, 9.70),
('HS043', 'MH005', 'HKI', 7.5, 8.2, 8.2, 8.08),
('HS043', 'MH005', 'HKII', 9.6, 7.9, 7.3, 7.88),
('HS043', 'MH006', 'HKI', 4.8, 7.0, 6.7, 6.48),
('HS043', 'MH006', 'HKII', 6.4, 5.6, 5.0, 5.43);
INSERT INTO chitiet_diem (ID_HOCSINH, ID_MONHOC, ID_HOCKY, diem15, diem45, diemck, diemtb) VALUES
('HS043', 'MH007', 'HKI', 8.4, 7.1, 7.6, 7.57),
('HS043', 'MH007', 'HKII', 7.8, 8.8, 7.6, 8.03),
('HS043', 'MH008', 'HKI', 7.0, 5.9, 5.1, 5.68),
('HS043', 'MH008', 'HKII', 6.6, 6.1, 6.5, 6.38),
('HS043', 'MH009', 'HKI', 7.1, 7.5, 7.5, 7.43),
('HS043', 'MH009', 'HKII', 7.6, 6.8, 5.7, 6.38),
('HS043', 'MH010', 'HKI', 8.3, 9.5, 8.9, 9.00),
('HS043', 'MH010', 'HKII', 5.8, 4.6, 5.9, 5.45),
('HS043', 'MH011', 'HKI', 8.9, 8.7, 9.2, 8.98),
('HS043', 'MH011', 'HKII', 6.6, 7.9, 6.6, 7.03),
('HS043', 'MH012', 'HKI', 8.2, 8.4, 7.8, 8.07),
('HS043', 'MH012', 'HKII', 7.1, 7.8, 5.1, 6.33),
('HS044', 'MH001', 'HKI', 7.3, 8.8, 7.7, 8.00),
('HS044', 'MH001', 'HKII', 6.1, 6.3, 5.9, 6.07),
('HS044', 'MH002', 'HKI', 7.9, 7.9, 6.4, 7.15),
('HS044', 'MH002', 'HKII', 9.2, 8.8, 7.6, 8.27),
('HS044', 'MH003', 'HKI', 9.5, 10.0, 9.8, 9.82),
('HS044', 'MH003', 'HKII', 8.4, 7.9, 10.0, 9.03),
('HS044', 'MH004', 'HKI', 5.2, 5.2, 4.8, 5.00),
('HS044', 'MH004', 'HKII', 6.3, 9.1, 8.7, 8.43),
('HS044', 'MH005', 'HKI', 8.2, 8.8, 8.3, 8.45),
('HS044', 'MH005', 'HKII', 4.7, 5.4, 5.0, 5.08),
('HS044', 'MH006', 'HKI', 10.0, 8.9, 7.8, 8.53),
('HS044', 'MH006', 'HKII', 7.8, 7.9, 10.0, 8.93),
('HS044', 'MH007', 'HKI', 6.2, 6.5, 8.6, 7.50),
('HS044', 'MH007', 'HKII', 6.8, 5.7, 6.2, 6.13),
('HS044', 'MH008', 'HKI', 6.9, 6.0, 7.5, 6.90),
('HS044', 'MH008', 'HKII', 5.9, 4.9, 5.1, 5.17),
('HS044', 'MH009', 'HKI', 7.7, 8.0, 8.2, 8.05),
('HS044', 'MH009', 'HKII', 7.3, 6.1, 7.8, 7.15);
INSERT INTO chitiet_diem (ID_HOCSINH, ID_MONHOC, ID_HOCKY, diem15, diem45, diemck, diemtb) VALUES
('HS044', 'MH010', 'HKI', 5.6, 7.3, 7.4, 7.07),
('HS044', 'MH010', 'HKII', 6.9, 6.1, 5.7, 6.03),
('HS044', 'MH011', 'HKI', 7.0, 8.6, 7.3, 7.68),
('HS044', 'MH011', 'HKII', 7.3, 9.1, 7.9, 8.20),
('HS044', 'MH012', 'HKI', 8.4, 8.1, 8.3, 8.25),
('HS044', 'MH012', 'HKII', 7.4, 7.7, 7.8, 7.70),
('HS045', 'MH001', 'HKI', 3.6, 4.7, 5.4, 4.87),
('HS045', 'MH001', 'HKII', 5.9, 6.0, 4.0, 4.98),
('HS045', 'MH002', 'HKI', 3.8, 3.0, 3.5, 3.38),
('HS045', 'MH002', 'HKII', 3.4, 2.7, 3.4, 3.17),
('HS045', 'MH003', 'HKI', 4.9, 4.7, 4.3, 4.53),
('HS045', 'MH003', 'HKII', 2.5, 3.8, 3.4, 3.38),
('HS045', 'MH004', 'HKI', 0.8, 2.2, 2.1, 1.92),
('HS045', 'MH004', 'HKII', 2.9, 1.4, 2.6, 2.25),
('HS045', 'MH005', 'HKI', 3.2, 4.5, 4.6, 4.33),
('HS045', 'MH005', 'HKII', 1.2, 1.8, 1.2, 1.40),
('HS045', 'MH006', 'HKI', 2.7, 1.0, 4.1, 2.83),
('HS045', 'MH006', 'HKII', 1.6, 3.0, 2.7, 2.62),
('HS045', 'MH007', 'HKI', 2.4, 2.6, 3.0, 2.77),
('HS045', 'MH007', 'HKII', 2.3, 2.3, 2.6, 2.45),
('HS045', 'MH008', 'HKI', 2.4, 3.5, 2.8, 2.97),
('HS045', 'MH008', 'HKII', 3.6, 4.4, 3.4, 3.77),
('HS045', 'MH009', 'HKI', 4.2, 4.7, 4.7, 4.62),
('HS045', 'MH009', 'HKII', 4.4, 3.1, 3.0, 3.27),
('HS045', 'MH010', 'HKI', 2.0, 3.4, 2.9, 2.92),
('HS045', 'MH010', 'HKII', 2.4, 2.2, 2.8, 2.53),
('HS045', 'MH011', 'HKI', 5.0, 3.3, 4.1, 3.98),
('HS045', 'MH011', 'HKII', 3.3, 1.0, 4.6, 3.18),
('HS045', 'MH012', 'HKI', 5.2, 3.6, 2.1, 3.12),
('HS045', 'MH012', 'HKII', 2.9, 2.8, 3.4, 3.12);
INSERT INTO chitiet_diem (ID_HOCSINH, ID_MONHOC, ID_HOCKY, diem15, diem45, diemck, diemtb) VALUES
('HS046', 'MH001', 'HKI', 4.6, 4.5, 3.3, 3.92),
('HS046', 'MH001', 'HKII', 4.4, 3.8, 2.5, 3.25),
('HS046', 'MH002', 'HKI', 2.3, 0.9, 1.5, 1.43),
('HS046', 'MH002', 'HKII', 3.9, 5.3, 4.4, 4.62),
('HS046', 'MH003', 'HKI', 5.7, 4.4, 4.7, 4.77),
('HS046', 'MH003', 'HKII', 2.4, 2.6, 2.5, 2.52),
('HS046', 'MH004', 'HKI', 2.7, 2.6, 1.2, 1.92),
('HS046', 'MH004', 'HKII', 2.0, 3.3, 4.5, 3.68),
('HS046', 'MH005', 'HKI', 4.4, 4.3, 4.7, 4.52),
('HS046', 'MH005', 'HKII', 4.3, 4.2, 5.1, 4.67),
('HS046', 'MH006', 'HKI', 2.9, 3.0, 2.0, 2.48),
('HS046', 'MH006', 'HKII', 3.6, 1.4, 3.3, 2.72),
('HS046', 'MH007', 'HKI', 0.9, 2.7, 2.7, 2.40),
('HS046', 'MH007', 'HKII', 5.8, 5.1, 2.7, 4.02),
('HS046', 'MH008', 'HKI', 4.5, 4.5, 3.1, 3.80),
('HS046', 'MH008', 'HKII', 3.1, 2.9, 0.4, 1.68),
('HS046', 'MH009', 'HKI', 2.3, 3.3, 4.3, 3.63),
('HS046', 'MH009', 'HKII', 3.1, 4.0, 3.2, 3.45),
('HS046', 'MH010', 'HKI', 2.7, 3.4, 4.0, 3.58),
('HS046', 'MH010', 'HKII', 2.9, 5.2, 3.9, 4.17),
('HS046', 'MH011', 'HKI', 4.6, 3.5, 5.4, 4.63),
('HS046', 'MH011', 'HKII', 2.7, 5.0, 3.7, 3.97),
('HS046', 'MH012', 'HKI', 1.8, 2.7, 3.5, 2.95),
('HS046', 'MH012', 'HKII', 3.9, 4.5, 4.4, 4.35),
('HS047', 'MH001', 'HKI', 3.4, 4.8, 4.0, 4.17),
('HS047', 'MH001', 'HKII', 3.3, 2.9, 2.6, 2.82),
('HS047', 'MH002', 'HKI', 3.7, 3.1, 4.7, 4.00),
('HS047', 'MH002', 'HKII', 2.1, 0.9, 0.0, 0.65),
('HS047', 'MH003', 'HKI', 0.9, 4.4, 2.5, 2.87),
('HS047', 'MH003', 'HKII', 3.6, 3.8, 4.1, 3.92);
INSERT INTO chitiet_diem (ID_HOCSINH, ID_MONHOC, ID_HOCKY, diem15, diem45, diemck, diemtb) VALUES
('HS047', 'MH004', 'HKI', 3.0, 2.7, 3.5, 3.15),
('HS047', 'MH004', 'HKII', 2.1, 2.1, 2.9, 2.50),
('HS047', 'MH005', 'HKI', 4.1, 3.9, 4.7, 4.33),
('HS047', 'MH005', 'HKII', 2.6, 3.1, 4.7, 3.82),
('HS047', 'MH006', 'HKI', 2.3, 2.8, 2.2, 2.42),
('HS047', 'MH006', 'HKII', 3.9, 3.0, 3.5, 3.40),
('HS047', 'MH007', 'HKI', 3.6, 3.1, 2.5, 2.88),
('HS047', 'MH007', 'HKII', 2.7, 2.9, 3.7, 3.27),
('HS047', 'MH008', 'HKI', 2.8, 1.8, 2.8, 2.47),
('HS047', 'MH008', 'HKII', 1.4, 3.0, 2.5, 2.48),
('HS047', 'MH009', 'HKI', 3.0, 4.1, 3.4, 3.57),
('HS047', 'MH009', 'HKII', 2.8, 2.1, 2.8, 2.57),
('HS047', 'MH010', 'HKI', 2.8, 1.3, 2.5, 2.15),
('HS047', 'MH010', 'HKII', 4.3, 4.6, 4.0, 4.25),
('HS047', 'MH011', 'HKI', 3.2, 3.4, 4.4, 3.87),
('HS047', 'MH011', 'HKII', 5.4, 3.1, 3.3, 3.58),
('HS047', 'MH012', 'HKI', 4.1, 4.0, 2.5, 3.27),
('HS047', 'MH012', 'HKII', 4.1, 4.8, 3.9, 4.23),
('HS048', 'MH001', 'HKI', 8.0, 7.4, 8.8, 8.20),
('HS048', 'MH001', 'HKII', 8.7, 7.4, 9.1, 8.47),
('HS048', 'MH002', 'HKI', 5.2, 7.0, 5.7, 6.05),
('HS048', 'MH002', 'HKII', 7.6, 7.0, 7.4, 7.30),
('HS048', 'MH003', 'HKI', 6.4, 6.5, 6.6, 6.53),
('HS048', 'MH003', 'HKII', 6.6, 6.0, 7.4, 6.80),
('HS048', 'MH004', 'HKI', 7.1, 5.2, 6.2, 6.02),
('HS048', 'MH004', 'HKII', 7.2, 6.6, 7.3, 7.05),
('HS048', 'MH005', 'HKI', 6.4, 5.9, 6.7, 6.38),
('HS048', 'MH005', 'HKII', 8.1, 8.3, 7.6, 7.92),
('HS048', 'MH006', 'HKI', 8.7, 6.6, 7.1, 7.20),
('HS048', 'MH006', 'HKII', 6.4, 6.6, 6.7, 6.62);
INSERT INTO chitiet_diem (ID_HOCSINH, ID_MONHOC, ID_HOCKY, diem15, diem45, diemck, diemtb) VALUES
('HS048', 'MH007', 'HKI', 7.7, 7.2, 9.3, 8.33),
('HS048', 'MH007', 'HKII', 7.5, 6.6, 7.7, 7.30),
('HS048', 'MH008', 'HKI', 9.5, 9.1, 8.2, 8.72),
('HS048', 'MH008', 'HKII', 9.3, 9.0, 10.0, 9.55),
('HS048', 'MH009', 'HKI', 7.1, 5.4, 6.8, 6.38),
('HS048', 'MH009', 'HKII', 7.7, 7.4, 8.1, 7.80),
('HS048', 'MH010', 'HKI', 8.7, 8.1, 7.4, 7.85),
('HS048', 'MH010', 'HKII', 5.0, 6.1, 5.9, 5.82),
('HS048', 'MH011', 'HKI', 8.8, 8.8, 9.7, 9.25),
('HS048', 'MH011', 'HKII', 9.3, 10.0, 8.5, 9.13),
('HS048', 'MH012', 'HKI', 5.2, 5.9, 5.6, 5.63),
('HS048', 'MH012', 'HKII', 8.2, 6.8, 6.4, 6.83),
('HS049', 'MH001', 'HKI', 8.1, 8.1, 7.3, 7.70),
('HS049', 'MH001', 'HKII', 7.1, 7.0, 8.1, 7.57),
('HS049', 'MH002', 'HKI', 5.6, 8.1, 7.4, 7.33),
('HS049', 'MH002', 'HKII', 6.8, 5.4, 5.9, 5.88),
('HS049', 'MH003', 'HKI', 6.6, 7.1, 8.5, 7.72),
('HS049', 'MH003', 'HKII', 7.1, 9.0, 7.7, 8.03),
('HS049', 'MH004', 'HKI', 7.1, 5.0, 5.9, 5.80),
('HS049', 'MH004', 'HKII', 8.1, 8.3, 7.7, 7.97),
('HS049', 'MH005', 'HKI', 6.6, 5.8, 5.9, 5.98),
('HS049', 'MH005', 'HKII', 9.6, 9.5, 10.0, 9.77),
('HS049', 'MH006', 'HKI', 7.5, 9.3, 9.3, 9.00),
('HS049', 'MH006', 'HKII', 7.8, 6.5, 7.4, 7.17),
('HS049', 'MH007', 'HKI', 5.7, 6.0, 6.2, 6.05),
('HS049', 'MH007', 'HKII', 8.4, 9.5, 8.3, 8.72),
('HS049', 'MH008', 'HKI', 5.3, 5.6, 6.0, 5.75),
('HS049', 'MH008', 'HKII', 5.7, 5.2, 5.9, 5.63),
('HS049', 'MH009', 'HKI', 9.4, 8.5, 8.0, 8.40),
('HS049', 'MH009', 'HKII', 8.0, 7.3, 8.5, 8.02);
INSERT INTO chitiet_diem (ID_HOCSINH, ID_MONHOC, ID_HOCKY, diem15, diem45, diemck, diemtb) VALUES
('HS049', 'MH010', 'HKI', 8.3, 9.1, 7.4, 8.12),
('HS049', 'MH010', 'HKII', 8.2, 8.2, 8.7, 8.45),
('HS049', 'MH011', 'HKI', 9.1, 8.7, 10.0, 9.42),
('HS049', 'MH011', 'HKII', 7.4, 5.3, 7.7, 6.85),
('HS049', 'MH012', 'HKI', 6.7, 6.1, 5.5, 5.90),
('HS049', 'MH012', 'HKII', 5.4, 5.4, 4.8, 5.10),
('HS050', 'MH001', 'HKI', 5.7, 6.0, 5.7, 5.80),
('HS050', 'MH001', 'HKII', 7.0, 7.9, 7.1, 7.35),
('HS050', 'MH002', 'HKI', 4.4, 5.2, 6.0, 5.47),
('HS050', 'MH002', 'HKII', 6.8, 7.7, 8.9, 8.15),
('HS050', 'MH003', 'HKI', 6.7, 5.8, 7.2, 6.65),
('HS050', 'MH003', 'HKII', 6.7, 5.2, 6.4, 6.05),
('HS050', 'MH004', 'HKI', 9.4, 10.0, 8.5, 9.15),
('HS050', 'MH004', 'HKII', 9.5, 10.0, 10.0, 9.92),
('HS050', 'MH005', 'HKI', 5.5, 6.0, 4.7, 5.27),
('HS050', 'MH005', 'HKII', 5.7, 6.1, 4.7, 5.33),
('HS050', 'MH006', 'HKI', 6.6, 5.6, 5.3, 5.62),
('HS050', 'MH006', 'HKII', 5.7, 6.2, 6.8, 6.42),
('HS050', 'MH007', 'HKI', 6.6, 7.1, 8.1, 7.52),
('HS050', 'MH007', 'HKII', 8.7, 7.7, 5.9, 6.97),
('HS050', 'MH008', 'HKI', 8.1, 9.1, 9.3, 9.03),
('HS050', 'MH008', 'HKII', 7.8, 8.4, 8.6, 8.40),
('HS050', 'MH009', 'HKI', 7.1, 6.8, 5.1, 6.00),
('HS050', 'MH009', 'HKII', 5.9, 5.2, 6.3, 5.87),
('HS050', 'MH010', 'HKI', 6.5, 7.0, 6.2, 6.52),
('HS050', 'MH010', 'HKII', 6.6, 8.2, 7.4, 7.53),
('HS050', 'MH011', 'HKI', 8.9, 9.1, 7.1, 8.07),
('HS050', 'MH011', 'HKII', 5.4, 5.8, 6.3, 5.98),
('HS050', 'MH012', 'HKI', 6.4, 6.9, 7.1, 6.92),
('HS050', 'MH012', 'HKII', 7.5, 7.7, 5.6, 6.62);
INSERT INTO chitiet_diem (ID_HOCSINH, ID_MONHOC, ID_HOCKY, diem15, diem45, diemck, diemtb) VALUES
('HS051', 'MH001', 'HKI', 8.7, 9.5, 7.6, 8.42),
('HS051', 'MH001', 'HKII', 8.6, 8.0, 9.3, 8.75),
('HS051', 'MH002', 'HKI', 9.7, 10.0, 7.6, 8.75),
('HS051', 'MH002', 'HKII', 4.6, 6.5, 4.7, 5.28),
('HS051', 'MH003', 'HKI', 6.4, 5.4, 7.0, 6.37),
('HS051', 'MH003', 'HKII', 7.8, 5.8, 6.2, 6.33),
('HS051', 'MH004', 'HKI', 7.0, 7.4, 8.6, 7.93),
('HS051', 'MH004', 'HKII', 8.5, 8.0, 7.5, 7.83),
('HS051', 'MH005', 'HKI', 7.7, 7.6, 6.7, 7.17),
('HS051', 'MH005', 'HKII', 8.7, 7.6, 6.7, 7.33),
('HS051', 'MH006', 'HKI', 6.9, 6.5, 6.1, 6.37),
('HS051', 'MH006', 'HKII', 8.0, 7.1, 7.1, 7.25),
('HS051', 'MH007', 'HKI', 5.9, 7.1, 6.9, 6.80),
('HS051', 'MH007', 'HKII', 9.7, 7.4, 7.2, 7.68),
('HS051', 'MH008', 'HKI', 5.1, 5.8, 4.9, 5.23),
('HS051', 'MH008', 'HKII', 8.2, 8.0, 8.4, 8.23),
('HS051', 'MH009', 'HKI', 9.0, 8.6, 9.3, 9.02),
('HS051', 'MH009', 'HKII', 8.1, 7.9, 6.9, 7.43),
('HS051', 'MH010', 'HKI', 6.6, 6.3, 5.5, 5.95),
('HS051', 'MH010', 'HKII', 5.2, 5.0, 5.2, 5.13),
('HS051', 'MH011', 'HKI', 5.0, 4.1, 6.3, 5.35),
('HS051', 'MH011', 'HKII', 6.1, 7.6, 6.5, 6.80),
('HS051', 'MH012', 'HKI', 6.3, 5.6, 7.0, 6.42),
('HS051', 'MH012', 'HKII', 4.8, 5.4, 5.3, 5.25),
('HS052', 'MH001', 'HKI', 9.1, 8.2, 8.3, 8.40),
('HS052', 'MH001', 'HKII', 7.7, 8.2, 7.2, 7.62),
('HS052', 'MH002', 'HKI', 5.4, 6.3, 4.8, 5.40),
('HS052', 'MH002', 'HKII', 6.9, 5.6, 7.1, 6.57),
('HS052', 'MH003', 'HKI', 8.2, 9.3, 8.0, 8.47),
('HS052', 'MH003', 'HKII', 9.0, 8.1, 7.4, 7.90);
INSERT INTO chitiet_diem (ID_HOCSINH, ID_MONHOC, ID_HOCKY, diem15, diem45, diemck, diemtb) VALUES
('HS052', 'MH004', 'HKI', 6.1, 5.0, 6.1, 5.73),
('HS052', 'MH004', 'HKII', 6.3, 5.4, 7.8, 6.75),
('HS052', 'MH005', 'HKI', 9.1, 8.8, 9.4, 9.15),
('HS052', 'MH005', 'HKII', 8.5, 10.0, 8.5, 9.00),
('HS052', 'MH006', 'HKI', 9.4, 7.6, 8.6, 8.40),
('HS052', 'MH006', 'HKII', 8.8, 10.0, 8.2, 8.90),
('HS052', 'MH007', 'HKI', 5.7, 6.0, 5.5, 5.70),
('HS052', 'MH007', 'HKII', 6.7, 6.6, 6.3, 6.47),
('HS052', 'MH008', 'HKI', 5.3, 6.4, 4.8, 5.42),
('HS052', 'MH008', 'HKII', 7.2, 8.2, 7.5, 7.68),
('HS052', 'MH009', 'HKI', 8.1, 7.5, 5.9, 6.80),
('HS052', 'MH009', 'HKII', 8.2, 5.6, 6.4, 6.43),
('HS052', 'MH010', 'HKI', 5.8, 6.0, 5.9, 5.92),
('HS052', 'MH010', 'HKII', 6.3, 6.2, 6.2, 6.22),
('HS052', 'MH011', 'HKI', 5.6, 5.8, 6.8, 6.27),
('HS052', 'MH011', 'HKII', 7.1, 5.9, 5.0, 5.65),
('HS052', 'MH012', 'HKI', 9.1, 10.0, 9.1, 9.40),
('HS052', 'MH012', 'HKII', 7.4, 7.8, 6.2, 6.93),
('HS053', 'MH001', 'HKI', 6.2, 6.4, 5.5, 5.92),
('HS053', 'MH001', 'HKII', 6.2, 5.7, 7.4, 6.63),
('HS053', 'MH002', 'HKI', 7.4, 10.0, 8.3, 8.72),
('HS053', 'MH002', 'HKII', 8.4, 8.5, 8.3, 8.38),
('HS053', 'MH003', 'HKI', 5.2, 5.3, 6.3, 5.78),
('HS053', 'MH003', 'HKII', 7.8, 7.2, 5.3, 6.35),
('HS053', 'MH004', 'HKI', 9.3, 9.5, 8.4, 8.92),
('HS053', 'MH004', 'HKII', 7.1, 7.0, 7.1, 7.07),
('HS053', 'MH005', 'HKI', 6.5, 6.5, 4.8, 5.65),
('HS053', 'MH005', 'HKII', 7.4, 6.5, 6.0, 6.40),
('HS053', 'MH006', 'HKI', 6.6, 6.3, 7.5, 6.95),
('HS053', 'MH006', 'HKII', 7.6, 7.0, 6.2, 6.70);
INSERT INTO chitiet_diem (ID_HOCSINH, ID_MONHOC, ID_HOCKY, diem15, diem45, diemck, diemtb) VALUES
('HS053', 'MH007', 'HKI', 8.3, 7.4, 6.1, 6.90),
('HS053', 'MH007', 'HKII', 6.5, 6.3, 5.1, 5.73),
('HS053', 'MH008', 'HKI', 5.9, 6.1, 6.0, 6.02),
('HS053', 'MH008', 'HKII', 7.5, 7.8, 8.4, 8.05),
('HS053', 'MH009', 'HKI', 8.8, 7.3, 9.5, 8.65),
('HS053', 'MH009', 'HKII', 6.9, 7.3, 6.9, 7.03),
('HS053', 'MH010', 'HKI', 7.9, 7.8, 8.0, 7.92),
('HS053', 'MH010', 'HKII', 7.2, 7.4, 5.8, 6.57),
('HS053', 'MH011', 'HKI', 6.3, 6.6, 7.1, 6.80),
('HS053', 'MH011', 'HKII', 6.5, 8.1, 8.0, 7.78),
('HS053', 'MH012', 'HKI', 7.5, 8.0, 8.2, 8.02),
('HS053', 'MH012', 'HKII', 8.9, 10.0, 9.4, 9.52),
('HS054', 'MH001', 'HKI', 5.6, 5.4, 7.0, 6.23),
('HS054', 'MH001', 'HKII', 5.5, 6.1, 5.6, 5.75),
('HS054', 'MH002', 'HKI', 8.8, 6.8, 7.4, 7.43),
('HS054', 'MH002', 'HKII', 6.1, 6.1, 6.5, 6.30),
('HS054', 'MH003', 'HKI', 10.0, 10.0, 10.0, 10.00),
('HS054', 'MH003', 'HKII', 5.2, 8.3, 6.1, 6.68),
('HS054', 'MH004', 'HKI', 9.3, 7.9, 9.3, 8.83),
('HS054', 'MH004', 'HKII', 6.5, 6.3, 7.9, 7.13),
('HS054', 'MH005', 'HKI', 6.0, 5.8, 5.6, 5.73),
('HS054', 'MH005', 'HKII', 6.3, 8.6, 8.7, 8.27),
('HS054', 'MH006', 'HKI', 9.8, 8.3, 9.6, 9.20),
('HS054', 'MH006', 'HKII', 6.4, 5.7, 6.1, 6.02),
('HS054', 'MH007', 'HKI', 5.2, 6.2, 5.6, 5.73),
('HS054', 'MH007', 'HKII', 7.5, 7.1, 7.4, 7.32),
('HS054', 'MH008', 'HKI', 5.2, 6.5, 5.2, 5.63),
('HS054', 'MH008', 'HKII', 6.9, 6.5, 6.0, 6.32),
('HS054', 'MH009', 'HKI', 8.5, 8.4, 6.6, 7.52),
('HS054', 'MH009', 'HKII', 9.3, 10.0, 9.7, 9.73);
INSERT INTO chitiet_diem (ID_HOCSINH, ID_MONHOC, ID_HOCKY, diem15, diem45, diemck, diemtb) VALUES
('HS054', 'MH010', 'HKI', 8.5, 7.9, 9.1, 8.60),
('HS054', 'MH010', 'HKII', 8.2, 9.5, 9.9, 9.48),
('HS054', 'MH011', 'HKI', 5.5, 5.4, 5.0, 5.22),
('HS054', 'MH011', 'HKII', 9.3, 9.0, 9.4, 9.25),
('HS054', 'MH012', 'HKI', 6.0, 5.1, 7.1, 6.25),
('HS054', 'MH012', 'HKII', 5.7, 5.9, 6.4, 6.12),
('HS055', 'MH001', 'HKI', 9.3, 9.4, 7.9, 8.63),
('HS055', 'MH001', 'HKII', 6.5, 9.1, 8.0, 8.12),
('HS055', 'MH002', 'HKI', 6.8, 6.9, 8.0, 7.43),
('HS055', 'MH002', 'HKII', 7.7, 4.9, 8.3, 7.07),
('HS055', 'MH003', 'HKI', 7.9, 5.9, 6.6, 6.58),
('HS055', 'MH003', 'HKII', 8.4, 8.1, 9.4, 8.80),
('HS055', 'MH004', 'HKI', 7.5, 5.5, 6.8, 6.48),
('HS055', 'MH004', 'HKII', 5.4, 3.6, 5.9, 5.05),
('HS055', 'MH005', 'HKI', 6.0, 3.9, 5.9, 5.25),
('HS055', 'MH005', 'HKII', 4.7, 5.9, 6.5, 6.00),
('HS055', 'MH006', 'HKI', 5.9, 6.8, 7.1, 6.80),
('HS055', 'MH006', 'HKII', 8.8, 9.7, 9.2, 9.30),
('HS055', 'MH007', 'HKI', 8.7, 8.8, 8.7, 8.73),
('HS055', 'MH007', 'HKII', 7.8, 4.5, 5.1, 5.35),
('HS055', 'MH008', 'HKI', 7.1, 6.6, 7.2, 6.98),
('HS055', 'MH008', 'HKII', 8.7, 9.0, 8.6, 8.75),
('HS055', 'MH009', 'HKI', 6.9, 4.9, 5.7, 5.63),
('HS055', 'MH009', 'HKII', 7.1, 6.5, 7.8, 7.25),
('HS055', 'MH010', 'HKI', 6.2, 7.3, 8.1, 7.52),
('HS055', 'MH010', 'HKII', 7.3, 6.5, 6.9, 6.83),
('HS055', 'MH011', 'HKI', 7.9, 7.5, 9.1, 8.37),
('HS055', 'MH011', 'HKII', 7.8, 7.9, 7.5, 7.68),
('HS055', 'MH012', 'HKI', 10.0, 7.6, 9.2, 8.80),
('HS055', 'MH012', 'HKII', 6.7, 5.0, 5.5, 5.53);
INSERT INTO chitiet_diem (ID_HOCSINH, ID_MONHOC, ID_HOCKY, diem15, diem45, diemck, diemtb) VALUES
('HS056', 'MH001', 'HKI', 6.6, 5.5, 5.4, 5.63),
('HS056', 'MH001', 'HKII', 5.2, 5.9, 5.0, 5.33),
('HS056', 'MH002', 'HKI', 6.3, 6.8, 6.2, 6.42),
('HS056', 'MH002', 'HKII', 6.8, 5.5, 6.6, 6.27),
('HS056', 'MH003', 'HKI', 5.7, 5.9, 6.2, 6.02),
('HS056', 'MH003', 'HKII', 8.7, 7.6, 6.6, 7.28),
('HS056', 'MH004', 'HKI', 8.3, 8.5, 7.0, 7.72),
('HS056', 'MH004', 'HKII', 9.5, 9.1, 8.5, 8.87),
('HS056', 'MH005', 'HKI', 8.7, 7.6, 5.9, 6.93),
('HS056', 'MH005', 'HKII', 6.8, 5.8, 7.7, 6.92),
('HS056', 'MH006', 'HKI', 7.0, 4.8, 6.8, 6.17),
('HS056', 'MH006', 'HKII', 7.7, 7.7, 8.8, 8.25),
('HS056', 'MH007', 'HKI', 6.7, 6.6, 5.7, 6.17),
('HS056', 'MH007', 'HKII', 7.7, 8.3, 9.2, 8.65),
('HS056', 'MH008', 'HKI', 5.0, 7.5, 7.3, 6.98),
('HS056', 'MH008', 'HKII', 5.3, 6.0, 5.5, 5.63),
('HS056', 'MH009', 'HKI', 7.0, 9.1, 8.4, 8.40),
('HS056', 'MH009', 'HKII', 8.4, 8.8, 7.5, 8.08),
('HS056', 'MH010', 'HKI', 5.7, 5.1, 5.9, 5.60),
('HS056', 'MH010', 'HKII', 5.7, 4.6, 5.5, 5.23),
('HS056', 'MH011', 'HKI', 6.4, 5.0, 7.0, 6.23),
('HS056', 'MH011', 'HKII', 8.2, 6.0, 8.6, 7.67),
('HS056', 'MH012', 'HKI', 7.8, 8.5, 6.3, 7.28),
('HS056', 'MH012', 'HKII', 8.9, 8.0, 8.2, 8.25),
('HS057', 'MH001', 'HKI', 5.6, 6.1, 6.7, 6.32),
('HS057', 'MH001', 'HKII', 8.0, 7.0, 7.0, 7.17),
('HS057', 'MH002', 'HKI', 5.0, 8.2, 6.3, 6.72),
('HS057', 'MH002', 'HKII', 6.0, 6.4, 7.0, 6.63),
('HS057', 'MH003', 'HKI', 7.1, 6.3, 8.9, 7.73),
('HS057', 'MH003', 'HKII', 6.9, 4.6, 6.0, 5.68);
INSERT INTO chitiet_diem (ID_HOCSINH, ID_MONHOC, ID_HOCKY, diem15, diem45, diemck, diemtb) VALUES
('HS057', 'MH004', 'HKI', 7.8, 8.2, 7.9, 7.98),
('HS057', 'MH004', 'HKII', 9.0, 9.6, 8.9, 9.15),
('HS057', 'MH005', 'HKI', 7.6, 7.9, 6.5, 7.15),
('HS057', 'MH005', 'HKII', 8.2, 8.8, 7.8, 8.20),
('HS057', 'MH006', 'HKI', 8.4, 10.0, 8.7, 9.08),
('HS057', 'MH006', 'HKII', 6.7, 5.2, 5.5, 5.60),
('HS057', 'MH007', 'HKI', 8.9, 7.0, 8.1, 7.87),
('HS057', 'MH007', 'HKII', 5.4, 6.8, 7.2, 6.77),
('HS057', 'MH008', 'HKI', 6.7, 6.4, 6.9, 6.70),
('HS057', 'MH008', 'HKII', 4.9, 6.6, 5.6, 5.82),
('HS057', 'MH009', 'HKI', 9.3, 10.0, 9.4, 9.58),
('HS057', 'MH009', 'HKII', 6.1, 7.8, 7.9, 7.57),
('HS057', 'MH010', 'HKI', 10.0, 10.0, 8.5, 9.25),
('HS057', 'MH010', 'HKII', 9.0, 9.1, 9.5, 9.28),
('HS057', 'MH011', 'HKI', 5.8, 6.3, 5.6, 5.87),
('HS057', 'MH011', 'HKII', 9.0, 8.0, 9.8, 9.07),
('HS057', 'MH012', 'HKI', 9.4, 8.6, 10.0, 9.43),
('HS057', 'MH012', 'HKII', 5.9, 5.7, 7.7, 6.73),
('HS058', 'MH001', 'HKI', 5.4, 5.1, 4.9, 5.05),
('HS058', 'MH001', 'HKII', 5.8, 5.6, 5.9, 5.78),
('HS058', 'MH002', 'HKI', 9.1, 8.9, 9.1, 9.03),
('HS058', 'MH002', 'HKII', 6.9, 6.1, 6.1, 6.23),
('HS058', 'MH003', 'HKI', 9.2, 8.3, 8.6, 8.60),
('HS058', 'MH003', 'HKII', 8.9, 10.0, 9.3, 9.47),
('HS058', 'MH004', 'HKI', 9.6, 7.8, 10.0, 9.20),
('HS058', 'MH004', 'HKII', 5.2, 8.2, 7.2, 7.20),
('HS058', 'MH005', 'HKI', 8.9, 9.2, 7.6, 8.35),
('HS058', 'MH005', 'HKII', 7.4, 6.6, 6.0, 6.43),
('HS058', 'MH006', 'HKI', 9.3, 9.3, 8.7, 9.00),
('HS058', 'MH006', 'HKII', 9.2, 9.3, 8.8, 9.03);
INSERT INTO chitiet_diem (ID_HOCSINH, ID_MONHOC, ID_HOCKY, diem15, diem45, diemck, diemtb) VALUES
('HS058', 'MH007', 'HKI', 7.8, 8.1, 7.9, 7.95),
('HS058', 'MH007', 'HKII', 7.0, 5.5, 6.3, 6.15),
('HS058', 'MH008', 'HKI', 6.2, 6.0, 5.8, 5.93),
('HS058', 'MH008', 'HKII', 8.0, 7.9, 9.2, 8.57),
('HS058', 'MH009', 'HKI', 7.6, 5.2, 6.6, 6.30),
('HS058', 'MH009', 'HKII', 5.6, 5.8, 5.7, 5.72),
('HS058', 'MH010', 'HKI', 7.8, 9.0, 7.6, 8.10),
('HS058', 'MH010', 'HKII', 9.0, 9.9, 9.2, 9.40),
('HS058', 'MH011', 'HKI', 5.6, 6.7, 6.5, 6.42),
('HS058', 'MH011', 'HKII', 8.2, 8.6, 9.3, 8.88),
('HS058', 'MH012', 'HKI', 4.2, 6.4, 4.9, 5.28),
('HS058', 'MH012', 'HKII', 4.5, 5.4, 7.3, 6.20),
('HS059', 'MH001', 'HKI', 5.4, 3.2, 5.6, 4.77),
('HS059', 'MH001', 'HKII', 3.2, 2.9, 2.1, 2.55),
('HS059', 'MH002', 'HKI', 3.2, 3.4, 2.1, 2.72),
('HS059', 'MH002', 'HKII', 3.0, 1.0, 1.9, 1.78),
('HS059', 'MH003', 'HKI', 2.4, 3.0, 2.6, 2.70),
('HS059', 'MH003', 'HKII', 3.7, 3.7, 4.0, 3.85),
('HS059', 'MH004', 'HKI', 3.5, 2.6, 2.7, 2.80),
('HS059', 'MH004', 'HKII', 1.9, 3.0, 2.0, 2.32),
('HS059', 'MH005', 'HKI', 4.3, 4.1, 2.8, 3.48),
('HS059', 'MH005', 'HKII', 3.0, 3.0, 3.9, 3.45),
('HS059', 'MH006', 'HKI', 3.4, 5.1, 3.6, 4.07),
('HS059', 'MH006', 'HKII', 4.0, 3.3, 5.6, 4.57),
('HS059', 'MH007', 'HKI', 3.2, 4.1, 3.0, 3.40),
('HS059', 'MH007', 'HKII', 4.7, 4.0, 3.0, 3.62),
('HS059', 'MH008', 'HKI', 3.1, 2.5, 3.1, 2.90),
('HS059', 'MH008', 'HKII', 5.6, 2.5, 1.9, 2.72),
('HS059', 'MH009', 'HKI', 3.4, 3.6, 4.4, 3.97),
('HS059', 'MH009', 'HKII', 1.3, 1.8, 1.6, 1.62);
INSERT INTO chitiet_diem (ID_HOCSINH, ID_MONHOC, ID_HOCKY, diem15, diem45, diemck, diemtb) VALUES
('HS059', 'MH010', 'HKI', 3.5, 2.6, 3.6, 3.25),
('HS059', 'MH010', 'HKII', 3.0, 3.4, 1.9, 2.58),
('HS059', 'MH011', 'HKI', 2.3, 1.7, 2.2, 2.05),
('HS059', 'MH011', 'HKII', 3.0, 2.2, 3.2, 2.83),
('HS059', 'MH012', 'HKI', 3.1, 3.3, 2.3, 2.77),
('HS059', 'MH012', 'HKII', 4.8, 4.2, 4.2, 4.30),
('HS060', 'MH001', 'HKI', 9.8, 9.0, 9.8, 9.53),
('HS060', 'MH001', 'HKII', 8.0, 9.3, 7.5, 8.18),
('HS060', 'MH002', 'HKI', 9.5, 8.0, 8.2, 8.35),
('HS060', 'MH002', 'HKII', 5.7, 6.4, 5.9, 6.03),
('HS060', 'MH003', 'HKI', 7.0, 6.7, 5.3, 6.05),
('HS060', 'MH003', 'HKII', 6.3, 7.5, 7.2, 7.15),
('HS060', 'MH004', 'HKI', 8.6, 6.4, 7.4, 7.27),
('HS060', 'MH004', 'HKII', 8.4, 7.1, 9.8, 8.67),
('HS060', 'MH005', 'HKI', 6.5, 7.4, 7.0, 7.05),
('HS060', 'MH005', 'HKII', 7.2, 7.6, 7.7, 7.58),
('HS060', 'MH006', 'HKI', 6.3, 7.2, 4.7, 5.80),
('HS060', 'MH006', 'HKII', 6.8, 6.4, 7.0, 6.77),
('HS060', 'MH007', 'HKI', 10.0, 10.0, 10.0, 10.00),
('HS060', 'MH007', 'HKII', 7.2, 8.1, 8.4, 8.10),
('HS060', 'MH008', 'HKI', 5.0, 5.5, 5.1, 5.22),
('HS060', 'MH008', 'HKII', 6.3, 6.8, 6.5, 6.57),
('HS060', 'MH009', 'HKI', 10.0, 9.4, 9.5, 9.55),
('HS060', 'MH009', 'HKII', 7.3, 7.4, 6.6, 6.98),
('HS060', 'MH010', 'HKI', 5.9, 5.2, 6.8, 6.12),
('HS060', 'MH010', 'HKII', 5.4, 5.1, 6.9, 6.05),
('HS060', 'MH011', 'HKI', 8.2, 6.7, 7.3, 7.25),
('HS060', 'MH011', 'HKII', 6.3, 5.3, 6.1, 5.87),
('HS060', 'MH012', 'HKI', 9.6, 9.8, 9.9, 9.82),
('HS060', 'MH012', 'HKII', 9.3, 10.0, 9.1, 9.43);
INSERT INTO chitiet_diem (ID_HOCSINH, ID_MONHOC, ID_HOCKY, diem15, diem45, diemck, diemtb) VALUES
('HS061', 'MH001', 'HKI', 3.4, 3.7, 2.1, 2.85),
('HS061', 'MH001', 'HKII', 3.9, 3.7, 3.1, 3.43),
('HS061', 'MH002', 'HKI', 3.0, 2.1, 3.4, 2.90),
('HS061', 'MH002', 'HKII', 4.1, 3.4, 3.3, 3.47),
('HS061', 'MH003', 'HKI', 2.8, 1.7, 1.6, 1.83),
('HS061', 'MH003', 'HKII', 2.9, 4.2, 3.9, 3.83),
('HS061', 'MH004', 'HKI', 3.0, 4.2, 3.1, 3.45),
('HS061', 'MH004', 'HKII', 3.5, 1.6, 3.7, 2.97),
('HS061', 'MH005', 'HKI', 4.9, 3.7, 4.7, 4.40),
('HS061', 'MH005', 'HKII', 1.8, 4.4, 3.1, 3.32),
('HS061', 'MH006', 'HKI', 3.7, 1.1, 2.1, 2.03),
('HS061', 'MH006', 'HKII', 2.9, 3.5, 2.7, 3.00),
('HS061', 'MH007', 'HKI', 1.7, 2.4, 2.6, 2.38),
('HS061', 'MH007', 'HKII', 3.8, 4.1, 3.7, 3.85),
('HS061', 'MH008', 'HKI', 1.6, 1.1, 2.8, 2.03),
('HS061', 'MH008', 'HKII', 4.8, 5.6, 3.7, 4.52),
('HS061', 'MH009', 'HKI', 0.9, 2.9, 3.0, 2.62),
('HS061', 'MH009', 'HKII', 2.8, 1.5, 2.4, 2.17),
('HS061', 'MH010', 'HKI', 2.4, 2.2, 3.5, 2.88),
('HS061', 'MH010', 'HKII', 3.8, 3.6, 3.5, 3.58),
('HS061', 'MH011', 'HKI', 3.0, 3.2, 4.1, 3.62),
('HS061', 'MH011', 'HKII', 3.5, 4.2, 4.2, 4.08),
('HS061', 'MH012', 'HKI', 2.4, 1.9, 2.9, 2.48),
('HS061', 'MH012', 'HKII', 1.2, 1.9, 3.8, 2.73),
('HS062', 'MH001', 'HKI', 7.6, 7.2, 5.6, 6.47),
('HS062', 'MH001', 'HKII', 7.8, 7.4, 8.9, 8.22),
('HS062', 'MH002', 'HKI', 5.6, 6.5, 6.7, 6.45),
('HS062', 'MH002', 'HKII', 6.6, 7.5, 7.0, 7.10),
('HS062', 'MH003', 'HKI', 7.7, 9.4, 9.5, 9.17),
('HS062', 'MH003', 'HKII', 9.2, 8.9, 9.1, 9.05);
INSERT INTO chitiet_diem (ID_HOCSINH, ID_MONHOC, ID_HOCKY, diem15, diem45, diemck, diemtb) VALUES
('HS062', 'MH004', 'HKI', 6.0, 9.1, 8.6, 8.33),
('HS062', 'MH004', 'HKII', 7.9, 6.3, 4.8, 5.82),
('HS062', 'MH005', 'HKI', 9.6, 10.0, 10.0, 9.93),
('HS062', 'MH005', 'HKII', 7.8, 8.0, 6.4, 7.17),
('HS062', 'MH006', 'HKI', 6.8, 7.6, 7.3, 7.32),
('HS062', 'MH006', 'HKII', 5.3, 6.3, 5.1, 5.53),
('HS062', 'MH007', 'HKI', 6.5, 6.3, 7.1, 6.73),
('HS062', 'MH007', 'HKII', 6.6, 5.6, 4.7, 5.32),
('HS062', 'MH008', 'HKI', 7.8, 5.9, 8.6, 7.57),
('HS062', 'MH008', 'HKII', 9.7, 8.6, 8.9, 8.93),
('HS062', 'MH009', 'HKI', 9.8, 8.7, 9.1, 9.08),
('HS062', 'MH009', 'HKII', 8.7, 7.0, 8.2, 7.88),
('HS062', 'MH010', 'HKI', 8.3, 7.2, 6.8, 7.18),
('HS062', 'MH010', 'HKII', 5.4, 5.5, 6.1, 5.78),
('HS062', 'MH011', 'HKI', 6.2, 6.3, 6.2, 6.23),
('HS062', 'MH011', 'HKII', 7.5, 7.1, 8.4, 7.82),
('HS062', 'MH012', 'HKI', 8.4, 8.3, 8.5, 8.42),
('HS062', 'MH012', 'HKII', 7.3, 7.7, 6.9, 7.23),
('HS063', 'MH001', 'HKI', 6.2, 5.8, 6.8, 6.37),
('HS063', 'MH001', 'HKII', 7.9, 8.1, 8.3, 8.17),
('HS063', 'MH002', 'HKI', 6.5, 6.2, 4.5, 5.40),
('HS063', 'MH002', 'HKII', 5.7, 6.2, 5.7, 5.87),
('HS063', 'MH003', 'HKI', 5.3, 5.4, 5.5, 5.43),
('HS063', 'MH003', 'HKII', 7.7, 9.8, 7.5, 8.30),
('HS063', 'MH004', 'HKI', 7.2, 5.7, 5.1, 5.65),
('HS063', 'MH004', 'HKII', 8.4, 9.7, 8.7, 8.98),
('HS063', 'MH005', 'HKI', 7.2, 7.2, 6.0, 6.60),
('HS063', 'MH005', 'HKII', 8.9, 9.5, 9.0, 9.15),
('HS063', 'MH006', 'HKI', 9.1, 8.5, 8.3, 8.50),
('HS063', 'MH006', 'HKII', 9.1, 8.7, 10.0, 9.42);
INSERT INTO chitiet_diem (ID_HOCSINH, ID_MONHOC, ID_HOCKY, diem15, diem45, diemck, diemtb) VALUES
('HS063', 'MH007', 'HKI', 5.7, 6.0, 5.7, 5.80),
('HS063', 'MH007', 'HKII', 4.4, 4.8, 6.8, 5.73),
('HS063', 'MH008', 'HKI', 9.0, 9.6, 8.8, 9.10),
('HS063', 'MH008', 'HKII', 7.6, 6.6, 8.5, 7.72),
('HS063', 'MH009', 'HKI', 5.5, 6.5, 5.7, 5.93),
('HS063', 'MH009', 'HKII', 6.5, 6.0, 7.0, 6.58),
('HS063', 'MH010', 'HKI', 8.9, 8.2, 9.7, 9.07),
('HS063', 'MH010', 'HKII', 9.2, 9.2, 8.0, 8.60),
('HS063', 'MH011', 'HKI', 6.7, 7.5, 7.2, 7.22),
('HS063', 'MH011', 'HKII', 7.6, 7.1, 7.4, 7.33),
('HS063', 'MH012', 'HKI', 8.3, 6.7, 6.9, 7.07),
('HS063', 'MH012', 'HKII', 4.6, 6.2, 5.9, 5.78),
('HS064', 'MH001', 'HKI', 2.7, 4.1, 5.2, 4.42),
('HS064', 'MH001', 'HKII', 5.4, 4.6, 4.4, 4.63),
('HS064', 'MH002', 'HKI', 3.4, 2.6, 3.1, 2.98),
('HS064', 'MH002', 'HKII', 4.1, 5.4, 4.7, 4.83),
('HS064', 'MH003', 'HKI', 4.7, 3.0, 4.1, 3.83),
('HS064', 'MH003', 'HKII', 3.1, 1.7, 3.8, 2.98),
('HS064', 'MH004', 'HKI', 3.9, 4.8, 3.8, 4.15),
('HS064', 'MH004', 'HKII', 5.5, 3.8, 3.1, 3.73),
('HS064', 'MH005', 'HKI', 4.2, 3.3, 2.6, 3.10),
('HS064', 'MH005', 'HKII', 3.8, 4.1, 2.7, 3.35),
('HS064', 'MH006', 'HKI', 0.9, 2.9, 0.9, 1.57),
('HS064', 'MH006', 'HKII', 2.9, 4.0, 5.0, 4.32),
('HS064', 'MH007', 'HKI', 4.8, 3.0, 2.9, 3.25),
('HS064', 'MH007', 'HKII', 4.1, 3.7, 5.4, 4.62),
('HS064', 'MH008', 'HKI', 2.5, 4.7, 3.4, 3.68),
('HS064', 'MH008', 'HKII', 4.2, 3.4, 1.3, 2.48),
('HS064', 'MH009', 'HKI', 4.1, 4.1, 3.6, 3.85),
('HS064', 'MH009', 'HKII', 2.0, 3.7, 3.7, 3.42);
INSERT INTO chitiet_diem (ID_HOCSINH, ID_MONHOC, ID_HOCKY, diem15, diem45, diemck, diemtb) VALUES
('HS064', 'MH010', 'HKI', 4.2, 4.9, 3.7, 4.18),
('HS064', 'MH010', 'HKII', 4.0, 4.9, 4.1, 4.35),
('HS064', 'MH011', 'HKI', 4.9, 3.0, 3.8, 3.72),
('HS064', 'MH011', 'HKII', 4.7, 2.9, 3.6, 3.55),
('HS064', 'MH012', 'HKI', 4.9, 2.9, 3.4, 3.48),
('HS064', 'MH012', 'HKII', 4.2, 4.7, 3.1, 3.82),
('HS065', 'MH001', 'HKI', 6.7, 7.9, 8.0, 7.75),
('HS065', 'MH001', 'HKII', 7.6, 8.9, 8.0, 8.23),
('HS065', 'MH002', 'HKI', 10.0, 10.0, 9.4, 9.70),
('HS065', 'MH002', 'HKII', 6.6, 7.2, 6.0, 6.50),
('HS065', 'MH003', 'HKI', 6.3, 6.4, 7.7, 7.03),
('HS065', 'MH003', 'HKII', 7.1, 7.1, 8.5, 7.80),
('HS065', 'MH004', 'HKI', 8.5, 9.1, 6.9, 7.90),
('HS065', 'MH004', 'HKII', 6.1, 5.9, 5.6, 5.78),
('HS065', 'MH005', 'HKI', 5.6, 6.3, 6.9, 6.48),
('HS065', 'MH005', 'HKII', 4.9, 6.4, 5.5, 5.70),
('HS065', 'MH006', 'HKI', 7.9, 9.0, 9.6, 9.12),
('HS065', 'MH006', 'HKII', 6.1, 6.7, 5.2, 5.85),
('HS065', 'MH007', 'HKI', 7.2, 6.1, 7.8, 7.13),
('HS065', 'MH007', 'HKII', 8.4, 7.7, 8.5, 8.22),
('HS065', 'MH008', 'HKI', 4.6, 5.6, 6.3, 5.78),
('HS065', 'MH008', 'HKII', 6.8, 8.3, 6.4, 7.10),
('HS065', 'MH009', 'HKI', 9.1, 7.6, 7.8, 7.95),
('HS065', 'MH009', 'HKII', 5.2, 4.4, 7.2, 5.93),
('HS065', 'MH010', 'HKI', 7.9, 7.4, 8.7, 8.13),
('HS065', 'MH010', 'HKII', 7.0, 6.4, 5.8, 6.20),
('HS065', 'MH011', 'HKI', 7.3, 7.3, 8.8, 8.05),
('HS065', 'MH011', 'HKII', 8.0, 7.5, 8.5, 8.08),
('HS065', 'MH012', 'HKI', 7.9, 7.8, 6.5, 7.17),
('HS065', 'MH012', 'HKII', 5.7, 6.9, 6.1, 6.30);
INSERT INTO chitiet_diem (ID_HOCSINH, ID_MONHOC, ID_HOCKY, diem15, diem45, diemck, diemtb) VALUES
('HS066', 'MH001', 'HKI', 9.5, 8.6, 8.3, 8.60),
('HS066', 'MH001', 'HKII', 7.4, 6.8, 6.9, 6.95),
('HS066', 'MH002', 'HKI', 9.7, 10.0, 9.6, 9.75),
('HS066', 'MH002', 'HKII', 6.2, 6.8, 6.1, 6.35),
('HS066', 'MH003', 'HKI', 7.8, 5.5, 7.7, 6.98),
('HS066', 'MH003', 'HKII', 6.7, 6.1, 6.5, 6.40),
('HS066', 'MH004', 'HKI', 7.9, 7.3, 9.5, 8.50),
('HS066', 'MH004', 'HKII', 6.2, 5.5, 6.6, 6.17),
('HS066', 'MH005', 'HKI', 6.0, 6.7, 7.2, 6.83),
('HS066', 'MH005', 'HKII', 8.4, 7.6, 8.3, 8.08),
('HS066', 'MH006', 'HKI', 9.0, 8.4, 8.3, 8.45),
('HS066', 'MH006', 'HKII', 4.9, 5.5, 6.4, 5.85),
('HS066', 'MH007', 'HKI', 10.0, 8.4, 8.9, 8.92),
('HS066', 'MH007', 'HKII', 7.4, 9.0, 9.3, 8.88),
('HS066', 'MH008', 'HKI', 8.0, 8.1, 9.6, 8.83),
('HS066', 'MH008', 'HKII', 9.3, 10.0, 10.0, 9.88),
('HS066', 'MH009', 'HKI', 7.9, 8.3, 7.8, 7.98),
('HS066', 'MH009', 'HKII', 3.3, 5.6, 7.1, 5.97),
('HS066', 'MH010', 'HKI', 4.6, 6.6, 5.7, 5.82),
('HS066', 'MH010', 'HKII', 8.0, 6.9, 7.8, 7.53),
('HS066', 'MH011', 'HKI', 6.9, 6.7, 8.3, 7.53),
('HS066', 'MH011', 'HKII', 4.8, 5.3, 5.5, 5.32),
('HS066', 'MH012', 'HKI', 9.8, 8.8, 9.5, 9.32),
('HS066', 'MH012', 'HKII', 9.7, 8.6, 8.5, 8.73),
('HS067', 'MH001', 'HKI', 6.1, 5.4, 6.4, 6.02),
('HS067', 'MH001', 'HKII', 6.5, 6.6, 5.3, 5.93),
('HS067', 'MH002', 'HKI', 6.6, 8.9, 8.0, 8.07),
('HS067', 'MH002', 'HKII', 8.3, 7.4, 7.8, 7.75),
('HS067', 'MH003', 'HKI', 6.7, 6.1, 5.6, 5.95),
('HS067', 'MH003', 'HKII', 8.5, 8.9, 9.3, 9.03);
INSERT INTO chitiet_diem (ID_HOCSINH, ID_MONHOC, ID_HOCKY, diem15, diem45, diemck, diemtb) VALUES
('HS067', 'MH004', 'HKI', 7.1, 8.8, 8.6, 8.42),
('HS067', 'MH004', 'HKII', 6.6, 6.5, 5.7, 6.12),
('HS067', 'MH005', 'HKI', 7.5, 6.0, 5.9, 6.20),
('HS067', 'MH005', 'HKII', 10.0, 10.0, 9.2, 9.60),
('HS067', 'MH006', 'HKI', 7.2, 5.5, 5.7, 5.88),
('HS067', 'MH006', 'HKII', 6.6, 5.5, 6.7, 6.28),
('HS067', 'MH007', 'HKI', 5.9, 5.7, 5.5, 5.63),
('HS067', 'MH007', 'HKII', 6.1, 5.9, 7.7, 6.83),
('HS067', 'MH008', 'HKI', 5.0, 6.3, 5.7, 5.78),
('HS067', 'MH008', 'HKII', 8.2, 9.3, 6.8, 7.87),
('HS067', 'MH009', 'HKI', 6.2, 7.1, 5.6, 6.20),
('HS067', 'MH009', 'HKII', 6.0, 7.3, 6.7, 6.78),
('HS067', 'MH010', 'HKI', 8.2, 8.3, 8.9, 8.58),
('HS067', 'MH010', 'HKII', 9.4, 8.1, 10.0, 9.27),
('HS067', 'MH011', 'HKI', 5.9, 6.8, 7.0, 6.75),
('HS067', 'MH011', 'HKII', 5.2, 5.6, 5.9, 5.68),
('HS067', 'MH012', 'HKI', 7.0, 7.6, 6.3, 6.85),
('HS067', 'MH012', 'HKII', 7.8, 6.6, 6.0, 6.50),
('HS068', 'MH001', 'HKI', 7.3, 8.2, 8.2, 8.05),
('HS068', 'MH001', 'HKII', 7.1, 9.2, 8.3, 8.40),
('HS068', 'MH002', 'HKI', 9.5, 10.0, 9.6, 9.72),
('HS068', 'MH002', 'HKII', 9.2, 9.2, 9.2, 9.20),
('HS068', 'MH003', 'HKI', 8.5, 8.1, 9.9, 9.07),
('HS068', 'MH003', 'HKII', 6.7, 7.6, 8.2, 7.75),
('HS068', 'MH004', 'HKI', 4.5, 6.1, 6.8, 6.18),
('HS068', 'MH004', 'HKII', 8.3, 7.5, 6.6, 7.18),
('HS068', 'MH005', 'HKI', 9.5, 9.0, 9.0, 9.08),
('HS068', 'MH005', 'HKII', 5.3, 7.1, 6.1, 6.30),
('HS068', 'MH006', 'HKI', 7.4, 6.8, 6.7, 6.85),
('HS068', 'MH006', 'HKII', 5.6, 7.9, 7.1, 7.12);
INSERT INTO chitiet_diem (ID_HOCSINH, ID_MONHOC, ID_HOCKY, diem15, diem45, diemck, diemtb) VALUES
('HS068', 'MH007', 'HKI', 9.9, 7.8, 8.0, 8.25),
('HS068', 'MH007', 'HKII', 10.0, 10.0, 8.5, 9.25),
('HS068', 'MH008', 'HKI', 7.5, 9.3, 7.6, 8.15),
('HS068', 'MH008', 'HKII', 6.2, 7.7, 7.9, 7.55),
('HS068', 'MH009', 'HKI', 8.6, 6.9, 8.1, 7.78),
('HS068', 'MH009', 'HKII', 5.5, 6.6, 5.6, 5.92),
('HS068', 'MH010', 'HKI', 6.2, 7.6, 7.8, 7.47),
('HS068', 'MH010', 'HKII', 5.7, 5.1, 5.9, 5.60),
('HS068', 'MH011', 'HKI', 7.5, 5.5, 6.3, 6.23),
('HS068', 'MH011', 'HKII', 7.7, 7.3, 7.3, 7.37),
('HS068', 'MH012', 'HKI', 7.8, 6.9, 7.3, 7.25),
('HS068', 'MH012', 'HKII', 7.8, 7.7, 7.7, 7.72),
('HS069', 'MH001', 'HKI', 6.1, 7.5, 6.7, 6.87),
('HS069', 'MH001', 'HKII', 7.7, 7.3, 7.1, 7.27),
('HS069', 'MH002', 'HKI', 7.1, 6.1, 6.0, 6.22),
('HS069', 'MH002', 'HKII', 9.8, 9.9, 8.8, 9.33),
('HS069', 'MH003', 'HKI', 6.3, 8.1, 7.5, 7.50),
('HS069', 'MH003', 'HKII', 6.5, 6.2, 4.4, 5.35),
('HS069', 'MH004', 'HKI', 9.4, 8.4, 7.4, 8.07),
('HS069', 'MH004', 'HKII', 8.5, 9.0, 9.4, 9.12),
('HS069', 'MH005', 'HKI', 5.3, 6.1, 5.9, 5.87),
('HS069', 'MH005', 'HKII', 5.4, 6.1, 5.5, 5.68),
('HS069', 'MH006', 'HKI', 8.7, 8.8, 7.5, 8.13),
('HS069', 'MH006', 'HKII', 9.2, 8.9, 9.2, 9.10),
('HS069', 'MH007', 'HKI', 6.6, 5.8, 7.9, 6.98),
('HS069', 'MH007', 'HKII', 10.0, 10.0, 8.1, 9.05),
('HS069', 'MH008', 'HKI', 9.1, 9.4, 10.0, 9.65),
('HS069', 'MH008', 'HKII', 7.1, 7.0, 7.6, 7.32),
('HS069', 'MH009', 'HKI', 8.2, 7.5, 7.7, 7.72),
('HS069', 'MH009', 'HKII', 9.5, 8.3, 8.4, 8.55);
INSERT INTO chitiet_diem (ID_HOCSINH, ID_MONHOC, ID_HOCKY, diem15, diem45, diemck, diemtb) VALUES
('HS069', 'MH010', 'HKI', 6.7, 7.6, 6.9, 7.10),
('HS069', 'MH010', 'HKII', 10.0, 8.6, 9.9, 9.48),
('HS069', 'MH011', 'HKI', 9.0, 8.9, 8.4, 8.67),
('HS069', 'MH011', 'HKII', 7.5, 8.9, 9.8, 9.12),
('HS069', 'MH012', 'HKI', 5.3, 6.3, 6.2, 6.08),
('HS069', 'MH012', 'HKII', 8.3, 5.9, 6.6, 6.65),
('HS070', 'MH001', 'HKI', 6.2, 6.3, 7.5, 6.88),
('HS070', 'MH001', 'HKII', 6.2, 5.6, 5.3, 5.55),
('HS070', 'MH002', 'HKI', 7.7, 7.6, 7.3, 7.47),
('HS070', 'MH002', 'HKII', 10.0, 8.9, 10.0, 9.63),
('HS070', 'MH003', 'HKI', 6.6, 6.6, 6.6, 6.60),
('HS070', 'MH003', 'HKII', 8.9, 8.4, 6.8, 7.68),
('HS070', 'MH004', 'HKI', 7.7, 8.1, 5.8, 6.88),
('HS070', 'MH004', 'HKII', 4.0, 5.5, 6.8, 5.90),
('HS070', 'MH005', 'HKI', 7.6, 7.8, 7.8, 7.77),
('HS070', 'MH005', 'HKII', 7.3, 7.3, 6.3, 6.80),
('HS070', 'MH006', 'HKI', 8.7, 8.8, 7.7, 8.23),
('HS070', 'MH006', 'HKII', 8.0, 7.2, 8.0, 7.73),
('HS070', 'MH007', 'HKI', 8.6, 9.3, 8.6, 8.83),
('HS070', 'MH007', 'HKII', 8.7, 8.7, 7.2, 7.95),
('HS070', 'MH008', 'HKI', 7.0, 6.1, 7.0, 6.70),
('HS070', 'MH008', 'HKII', 8.0, 9.4, 8.2, 8.57),
('HS070', 'MH009', 'HKI', 9.3, 9.5, 9.7, 9.57),
('HS070', 'MH009', 'HKII', 5.8, 4.5, 7.1, 6.02),
('HS070', 'MH010', 'HKI', 9.5, 6.8, 7.7, 7.70),
('HS070', 'MH010', 'HKII', 9.9, 9.7, 9.7, 9.73),
('HS070', 'MH011', 'HKI', 7.8, 4.6, 5.7, 5.68),
('HS070', 'MH011', 'HKII', 5.9, 4.3, 5.3, 5.07),
('HS070', 'MH012', 'HKI', 10.0, 9.5, 9.4, 9.53),
('HS070', 'MH012', 'HKII', 6.3, 8.6, 6.5, 7.17);
INSERT INTO chitiet_diem (ID_HOCSINH, ID_MONHOC, ID_HOCKY, diem15, diem45, diemck, diemtb) VALUES
('HS071', 'MH001', 'HKI', 5.5, 5.7, 6.1, 5.87),
('HS071', 'MH001', 'HKII', 8.2, 9.0, 7.1, 7.92),
('HS071', 'MH002', 'HKI', 7.9, 8.0, 8.0, 7.98),
('HS071', 'MH002', 'HKII', 9.9, 9.8, 8.1, 8.97),
('HS071', 'MH003', 'HKI', 6.7, 7.9, 8.1, 7.80),
('HS071', 'MH003', 'HKII', 6.1, 7.5, 7.3, 7.17),
('HS071', 'MH004', 'HKI', 8.4, 7.6, 7.2, 7.53),
('HS071', 'MH004', 'HKII', 5.4, 6.2, 5.1, 5.52),
('HS071', 'MH005', 'HKI', 6.8, 6.8, 5.6, 6.20),
('HS071', 'MH005', 'HKII', 6.7, 7.6, 6.2, 6.75),
('HS071', 'MH006', 'HKI', 8.6, 9.2, 7.1, 8.05),
('HS071', 'MH006', 'HKII', 6.5, 6.4, 6.2, 6.32),
('HS071', 'MH007', 'HKI', 6.8, 7.6, 7.3, 7.32),
('HS071', 'MH007', 'HKII', 8.6, 9.4, 8.3, 8.72),
('HS071', 'MH008', 'HKI', 7.6, 6.3, 6.6, 6.67),
('HS071', 'MH008', 'HKII', 6.4, 7.0, 8.8, 7.80),
('HS071', 'MH009', 'HKI', 6.3, 7.6, 5.9, 6.53),
('HS071', 'MH009', 'HKII', 6.2, 7.3, 7.2, 7.07),
('HS071', 'MH010', 'HKI', 7.5, 6.6, 6.3, 6.60),
('HS071', 'MH010', 'HKII', 7.0, 6.1, 6.5, 6.45),
('HS071', 'MH011', 'HKI', 8.1, 8.1, 7.0, 7.55),
('HS071', 'MH011', 'HKII', 5.3, 6.2, 5.4, 5.65),
('HS071', 'MH012', 'HKI', 6.5, 8.0, 8.0, 7.75),
('HS071', 'MH012', 'HKII', 9.9, 8.5, 8.7, 8.83),
('HS072', 'MH001', 'HKI', 9.0, 9.0, 8.0, 8.50),
('HS072', 'MH001', 'HKII', 6.6, 7.9, 7.7, 7.58),
('HS072', 'MH002', 'HKI', 8.9, 9.6, 9.5, 9.43),
('HS072', 'MH002', 'HKII', 7.8, 5.8, 5.8, 6.13),
('HS072', 'MH003', 'HKI', 9.1, 9.3, 8.7, 8.97),
('HS072', 'MH003', 'HKII', 8.2, 8.6, 8.1, 8.28);
INSERT INTO chitiet_diem (ID_HOCSINH, ID_MONHOC, ID_HOCKY, diem15, diem45, diemck, diemtb) VALUES
('HS072', 'MH004', 'HKI', 7.5, 5.9, 6.3, 6.37),
('HS072', 'MH004', 'HKII', 7.9, 8.1, 9.0, 8.52),
('HS072', 'MH005', 'HKI', 7.6, 8.3, 7.0, 7.53),
('HS072', 'MH005', 'HKII', 7.1, 8.6, 9.1, 8.60),
('HS072', 'MH006', 'HKI', 7.5, 9.2, 8.7, 8.67),
('HS072', 'MH006', 'HKII', 10.0, 9.6, 8.7, 9.22),
('HS072', 'MH007', 'HKI', 7.7, 8.7, 7.2, 7.78),
('HS072', 'MH007', 'HKII', 6.9, 8.0, 7.2, 7.42),
('HS072', 'MH008', 'HKI', 5.6, 4.9, 4.9, 5.02),
('HS072', 'MH008', 'HKII', 5.7, 5.5, 4.8, 5.18),
('HS072', 'MH009', 'HKI', 5.2, 5.7, 5.6, 5.57),
('HS072', 'MH009', 'HKII', 8.8, 8.3, 8.6, 8.53),
('HS072', 'MH010', 'HKI', 8.2, 7.2, 7.3, 7.42),
('HS072', 'MH010', 'HKII', 9.9, 8.8, 10.0, 9.58),
('HS072', 'MH011', 'HKI', 9.0, 8.0, 8.8, 8.57),
('HS072', 'MH011', 'HKII', 6.8, 7.0, 6.8, 6.87),
('HS072', 'MH012', 'HKI', 5.2, 4.9, 6.1, 5.55),
('HS072', 'MH012', 'HKII', 5.6, 7.1, 5.8, 6.20),
('HS073', 'MH001', 'HKI', 9.5, 8.4, 8.3, 8.53),
('HS073', 'MH001', 'HKII', 6.0, 6.3, 5.5, 5.85),
('HS073', 'MH002', 'HKI', 5.4, 5.4, 4.9, 5.15),
('HS073', 'MH002', 'HKII', 7.7, 7.2, 8.2, 7.78),
('HS073', 'MH003', 'HKI', 7.3, 6.6, 6.1, 6.47),
('HS073', 'MH003', 'HKII', 6.1, 7.3, 5.9, 6.40),
('HS073', 'MH004', 'HKI', 4.9, 4.8, 6.7, 5.77),
('HS073', 'MH004', 'HKII', 8.7, 8.0, 9.1, 8.67),
('HS073', 'MH005', 'HKI', 5.4, 7.5, 7.3, 7.05),
('HS073', 'MH005', 'HKII', 5.6, 6.3, 5.0, 5.53),
('HS073', 'MH006', 'HKI', 6.6, 6.7, 6.5, 6.58),
('HS073', 'MH006', 'HKII', 9.6, 8.2, 10.0, 9.33);
INSERT INTO chitiet_diem (ID_HOCSINH, ID_MONHOC, ID_HOCKY, diem15, diem45, diemck, diemtb) VALUES
('HS073', 'MH007', 'HKI', 7.4, 6.5, 6.2, 6.50),
('HS073', 'MH007', 'HKII', 7.3, 7.5, 8.8, 8.12),
('HS073', 'MH008', 'HKI', 7.3, 7.1, 7.1, 7.13),
('HS073', 'MH008', 'HKII', 8.5, 8.3, 6.6, 7.48),
('HS073', 'MH009', 'HKI', 8.2, 9.0, 9.1, 8.92),
('HS073', 'MH009', 'HKII', 6.4, 7.7, 7.1, 7.18),
('HS073', 'MH010', 'HKI', 7.4, 5.6, 6.1, 6.15),
('HS073', 'MH010', 'HKII', 10.0, 8.7, 10.0, 9.57),
('HS073', 'MH011', 'HKI', 8.7, 7.5, 7.6, 7.75),
('HS073', 'MH011', 'HKII', 6.8, 7.0, 7.4, 7.17),
('HS073', 'MH012', 'HKI', 6.7, 8.0, 6.6, 7.08),
('HS073', 'MH012', 'HKII', 8.6, 9.9, 8.7, 9.08),
('HS074', 'MH001', 'HKI', 4.3, 4.3, 2.7, 3.50),
('HS074', 'MH001', 'HKII', 3.6, 5.0, 4.6, 4.57),
('HS074', 'MH002', 'HKI', 3.9, 3.1, 1.6, 2.48),
('HS074', 'MH002', 'HKII', 5.4, 4.2, 3.0, 3.80),
('HS074', 'MH003', 'HKI', 4.3, 4.5, 3.9, 4.17),
('HS074', 'MH003', 'HKII', 4.5, 4.3, 4.3, 4.33),
('HS074', 'MH004', 'HKI', 2.5, 3.9, 2.8, 3.12),
('HS074', 'MH004', 'HKII', 4.3, 4.7, 3.3, 3.93),
('HS074', 'MH005', 'HKI', 4.2, 3.2, 3.9, 3.72),
('HS074', 'MH005', 'HKII', 4.3, 3.5, 2.6, 3.18),
('HS074', 'MH006', 'HKI', 2.8, 4.9, 3.4, 3.80),
('HS074', 'MH006', 'HKII', 5.2, 4.2, 4.3, 4.42),
('HS074', 'MH007', 'HKI', 2.0, 3.3, 2.9, 2.88),
('HS074', 'MH007', 'HKII', 3.4, 2.6, 3.4, 3.13),
('HS074', 'MH008', 'HKI', 3.4, 6.0, 2.5, 3.82),
('HS074', 'MH008', 'HKII', 4.8, 3.6, 5.9, 4.95),
('HS074', 'MH009', 'HKI', 3.4, 4.4, 5.1, 4.58),
('HS074', 'MH009', 'HKII', 2.0, 1.6, 2.2, 1.97);
INSERT INTO chitiet_diem (ID_HOCSINH, ID_MONHOC, ID_HOCKY, diem15, diem45, diemck, diemtb) VALUES
('HS074', 'MH010', 'HKI', 2.7, 3.0, 2.2, 2.55),
('HS074', 'MH010', 'HKII', 2.6, 3.3, 3.4, 3.23),
('HS074', 'MH011', 'HKI', 3.1, 3.6, 3.0, 3.22),
('HS074', 'MH011', 'HKII', 4.0, 4.9, 2.8, 3.70),
('HS074', 'MH012', 'HKI', 3.2, 3.6, 2.8, 3.13),
('HS074', 'MH012', 'HKII', 3.8, 1.8, 1.1, 1.78),
('HS075', 'MH001', 'HKI', 5.6, 6.4, 6.6, 6.37),
('HS075', 'MH001', 'HKII', 5.6, 7.0, 8.6, 7.57),
('HS075', 'MH002', 'HKI', 9.7, 9.4, 8.7, 9.10),
('HS075', 'MH002', 'HKII', 5.9, 6.4, 7.6, 6.92),
('HS075', 'MH003', 'HKI', 7.1, 9.1, 7.2, 7.82),
('HS075', 'MH003', 'HKII', 8.0, 9.4, 10.0, 9.47),
('HS075', 'MH004', 'HKI', 8.4, 6.1, 8.8, 7.83),
('HS075', 'MH004', 'HKII', 6.8, 8.2, 9.2, 8.47),
('HS075', 'MH005', 'HKI', 8.5, 8.6, 8.1, 8.33),
('HS075', 'MH005', 'HKII', 5.2, 6.1, 5.2, 5.50),
('HS075', 'MH006', 'HKI', 8.8, 9.2, 10.0, 9.53),
('HS075', 'MH006', 'HKII', 7.2, 8.8, 7.1, 7.68),
('HS075', 'MH007', 'HKI', 9.8, 8.6, 8.5, 8.75),
('HS075', 'MH007', 'HKII', 6.0, 6.1, 7.8, 6.93),
('HS075', 'MH008', 'HKI', 7.1, 8.5, 8.1, 8.07),
('HS075', 'MH008', 'HKII', 6.6, 6.9, 6.6, 6.70),
('HS075', 'MH009', 'HKI', 7.9, 8.7, 9.0, 8.72),
('HS075', 'MH009', 'HKII', 8.4, 7.6, 7.9, 7.88),
('HS075', 'MH010', 'HKI', 8.1, 5.9, 6.9, 6.77),
('HS075', 'MH010', 'HKII', 9.2, 8.3, 9.5, 9.05),
('HS075', 'MH011', 'HKI', 8.1, 10.0, 9.5, 9.43),
('HS075', 'MH011', 'HKII', 8.7, 9.5, 9.4, 9.32),
('HS075', 'MH012', 'HKI', 9.3, 8.6, 9.9, 9.37),
('HS075', 'MH012', 'HKII', 5.7, 7.8, 7.7, 7.40);
INSERT INTO chitiet_diem (ID_HOCSINH, ID_MONHOC, ID_HOCKY, diem15, diem45, diemck, diemtb) VALUES
('HS076', 'MH001', 'HKI', 6.1, 6.2, 5.0, 5.58),
('HS076', 'MH001', 'HKII', 6.3, 6.1, 6.6, 6.38),
('HS076', 'MH002', 'HKI', 7.6, 6.3, 5.7, 6.22),
('HS076', 'MH002', 'HKII', 4.6, 4.9, 5.3, 5.05),
('HS076', 'MH003', 'HKI', 6.8, 7.6, 7.2, 7.27),
('HS076', 'MH003', 'HKII', 7.7, 8.5, 8.2, 8.22),
('HS076', 'MH004', 'HKI', 5.1, 5.3, 6.4, 5.82),
('HS076', 'MH004', 'HKII', 7.2, 7.1, 8.1, 7.62),
('HS076', 'MH005', 'HKI', 8.6, 10.0, 9.7, 9.62),
('HS076', 'MH005', 'HKII', 8.4, 7.8, 8.4, 8.20),
('HS076', 'MH006', 'HKI', 6.7, 6.6, 6.7, 6.67),
('HS076', 'MH006', 'HKII', 8.1, 8.0, 6.8, 7.42),
('HS076', 'MH007', 'HKI', 7.9, 7.2, 5.9, 6.67),
('HS076', 'MH007', 'HKII', 8.8, 8.8, 6.8, 7.80),
('HS076', 'MH008', 'HKI', 6.7, 5.7, 7.2, 6.62),
('HS076', 'MH008', 'HKII', 7.7, 8.7, 7.5, 7.93),
('HS076', 'MH009', 'HKI', 6.4, 7.0, 6.5, 6.65),
('HS076', 'MH009', 'HKII', 8.7, 8.0, 8.0, 8.12),
('HS076', 'MH010', 'HKI', 7.8, 7.9, 6.2, 7.03),
('HS076', 'MH010', 'HKII', 8.8, 9.1, 8.1, 8.55),
('HS076', 'MH011', 'HKI', 5.8, 4.2, 6.3, 5.52),
('HS076', 'MH011', 'HKII', 4.7, 5.9, 5.6, 5.55),
('HS076', 'MH012', 'HKI', 8.7, 8.5, 7.7, 8.13),
('HS076', 'MH012', 'HKII', 7.1, 7.4, 8.6, 7.95),
('HS077', 'MH001', 'HKI', 7.7, 8.1, 5.9, 6.93),
('HS077', 'MH001', 'HKII', 7.4, 7.4, 5.2, 6.30),
('HS077', 'MH002', 'HKI', 8.6, 8.1, 8.7, 8.48),
('HS077', 'MH002', 'HKII', 8.3, 6.8, 6.5, 6.90),
('HS077', 'MH003', 'HKI', 9.2, 7.7, 7.0, 7.60),
('HS077', 'MH003', 'HKII', 6.8, 6.2, 5.9, 6.15);
INSERT INTO chitiet_diem (ID_HOCSINH, ID_MONHOC, ID_HOCKY, diem15, diem45, diemck, diemtb) VALUES
('HS077', 'MH004', 'HKI', 9.3, 7.2, 7.1, 7.50),
('HS077', 'MH004', 'HKII', 9.5, 7.9, 8.4, 8.42),
('HS077', 'MH005', 'HKI', 9.9, 9.7, 9.0, 9.38),
('HS077', 'MH005', 'HKII', 8.2, 7.8, 9.3, 8.62),
('HS077', 'MH006', 'HKI', 7.4, 6.8, 5.6, 6.30),
('HS077', 'MH006', 'HKII', 7.6, 7.0, 6.1, 6.65),
('HS077', 'MH007', 'HKI', 7.9, 7.1, 7.2, 7.28),
('HS077', 'MH007', 'HKII', 6.4, 6.9, 6.8, 6.77),
('HS077', 'MH008', 'HKI', 7.7, 8.4, 9.7, 8.93),
('HS077', 'MH008', 'HKII', 4.3, 5.8, 6.2, 5.75),
('HS077', 'MH009', 'HKI', 6.4, 6.2, 5.3, 5.78),
('HS077', 'MH009', 'HKII', 8.3, 6.5, 7.5, 7.30),
('HS077', 'MH010', 'HKI', 6.6, 7.8, 8.3, 7.85),
('HS077', 'MH010', 'HKII', 7.7, 7.2, 8.2, 7.78),
('HS077', 'MH011', 'HKI', 8.6, 10.0, 9.7, 9.62),
('HS077', 'MH011', 'HKII', 6.4, 6.1, 6.3, 6.25),
('HS077', 'MH012', 'HKI', 6.9, 7.9, 7.4, 7.48),
('HS077', 'MH012', 'HKII', 6.6, 6.9, 6.6, 6.70),
('HS078', 'MH001', 'HKI', 2.2, 4.9, 3.4, 3.70),
('HS078', 'MH001', 'HKII', 3.2, 2.9, 4.2, 3.60),
('HS078', 'MH002', 'HKI', 2.0, 1.6, 1.8, 1.77),
('HS078', 'MH002', 'HKII', 3.5, 1.6, 4.8, 3.52),
('HS078', 'MH003', 'HKI', 3.9, 3.3, 2.5, 3.00),
('HS078', 'MH003', 'HKII', 3.4, 2.4, 3.3, 3.02),
('HS078', 'MH004', 'HKI', 3.4, 3.8, 3.5, 3.58),
('HS078', 'MH004', 'HKII', 2.1, 2.7, 3.7, 3.10),
('HS078', 'MH005', 'HKI', 5.5, 3.0, 4.0, 3.92),
('HS078', 'MH005', 'HKII', 3.2, 3.1, 3.4, 3.27),
('HS078', 'MH006', 'HKI', 4.6, 3.3, 4.0, 3.87),
('HS078', 'MH006', 'HKII', 3.8, 2.9, 3.9, 3.55);
INSERT INTO chitiet_diem (ID_HOCSINH, ID_MONHOC, ID_HOCKY, diem15, diem45, diemck, diemtb) VALUES
('HS078', 'MH007', 'HKI', 2.2, 2.7, 3.4, 2.97),
('HS078', 'MH007', 'HKII', 2.2, 2.4, 2.6, 2.47),
('HS078', 'MH008', 'HKI', 2.5, 2.9, 3.1, 2.93),
('HS078', 'MH008', 'HKII', 2.9, 1.1, 0.7, 1.20),
('HS078', 'MH009', 'HKI', 3.4, 3.0, 3.9, 3.52),
('HS078', 'MH009', 'HKII', 3.1, 4.8, 2.3, 3.27),
('HS078', 'MH010', 'HKI', 5.2, 4.1, 4.4, 4.43),
('HS078', 'MH010', 'HKII', 2.7, 0.8, 2.2, 1.82),
('HS078', 'MH011', 'HKI', 3.4, 2.7, 3.0, 2.97),
('HS078', 'MH011', 'HKII', 3.6, 3.7, 2.7, 3.18),
('HS078', 'MH012', 'HKI', 2.4, 2.4, 2.6, 2.50),
('HS078', 'MH012', 'HKII', 4.9, 4.2, 2.8, 3.62),
('HS079', 'MH001', 'HKI', 8.2, 8.9, 6.9, 7.78),
('HS079', 'MH001', 'HKII', 7.1, 5.3, 5.5, 5.70),
('HS079', 'MH002', 'HKI', 8.7, 8.7, 6.4, 7.55),
('HS079', 'MH002', 'HKII', 7.6, 10.0, 8.9, 9.05),
('HS079', 'MH003', 'HKI', 10.0, 10.0, 8.7, 9.35),
('HS079', 'MH003', 'HKII', 6.5, 6.8, 5.7, 6.20),
('HS079', 'MH004', 'HKI', 7.1, 8.0, 7.2, 7.45),
('HS079', 'MH004', 'HKII', 6.8, 6.2, 6.7, 6.55),
('HS079', 'MH005', 'HKI', 10.0, 8.1, 9.2, 8.97),
('HS079', 'MH005', 'HKII', 7.0, 5.6, 6.5, 6.28),
('HS079', 'MH006', 'HKI', 7.9, 9.1, 8.1, 8.40),
('HS079', 'MH006', 'HKII', 9.3, 8.8, 9.5, 9.23),
('HS079', 'MH007', 'HKI', 9.6, 9.9, 10.0, 9.90),
('HS079', 'MH007', 'HKII', 8.3, 9.7, 9.1, 9.17),
('HS079', 'MH008', 'HKI', 6.9, 7.1, 7.9, 7.47),
('HS079', 'MH008', 'HKII', 5.2, 6.6, 5.6, 5.87),
('HS079', 'MH009', 'HKI', 7.2, 9.4, 7.1, 7.88),
('HS079', 'MH009', 'HKII', 7.6, 5.4, 7.5, 6.82);
INSERT INTO chitiet_diem (ID_HOCSINH, ID_MONHOC, ID_HOCKY, diem15, diem45, diemck, diemtb) VALUES
('HS079', 'MH010', 'HKI', 7.0, 7.4, 8.2, 7.73),
('HS079', 'MH010', 'HKII', 5.9, 6.8, 7.9, 7.20),
('HS079', 'MH011', 'HKI', 5.4, 7.4, 6.2, 6.47),
('HS079', 'MH011', 'HKII', 9.2, 7.6, 8.1, 8.12),
('HS079', 'MH012', 'HKI', 6.8, 5.8, 5.5, 5.82),
('HS079', 'MH012', 'HKII', 8.4, 9.2, 9.7, 9.32),
('HS080', 'MH001', 'HKI', 7.2, 7.0, 7.1, 7.08),
('HS080', 'MH001', 'HKII', 8.6, 9.9, 9.6, 9.53),
('HS080', 'MH002', 'HKI', 6.4, 8.0, 8.3, 7.88),
('HS080', 'MH002', 'HKII', 4.8, 5.8, 4.8, 5.13),
('HS080', 'MH003', 'HKI', 10.0, 9.3, 9.1, 9.32),
('HS080', 'MH003', 'HKII', 6.0, 6.8, 6.5, 6.52),
('HS080', 'MH004', 'HKI', 4.6, 6.0, 5.9, 5.72),
('HS080', 'MH004', 'HKII', 7.9, 6.6, 7.4, 7.22),
('HS080', 'MH005', 'HKI', 8.3, 5.6, 7.5, 7.00),
('HS080', 'MH005', 'HKII', 6.9, 6.2, 6.6, 6.52),
('HS080', 'MH006', 'HKI', 8.5, 8.9, 7.5, 8.13),
('HS080', 'MH006', 'HKII', 8.7, 8.8, 8.4, 8.58),
('HS080', 'MH007', 'HKI', 10.0, 8.5, 9.3, 9.15),
('HS080', 'MH007', 'HKII', 7.3, 5.4, 5.3, 5.67),
('HS080', 'MH008', 'HKI', 8.8, 7.4, 6.8, 7.33),
('HS080', 'MH008', 'HKII', 5.9, 5.2, 8.1, 6.77),
('HS080', 'MH009', 'HKI', 6.3, 8.5, 7.8, 7.78),
('HS080', 'MH009', 'HKII', 5.2, 6.0, 7.2, 6.47),
('HS080', 'MH010', 'HKI', 9.2, 7.3, 6.7, 7.32),
('HS080', 'MH010', 'HKII', 9.5, 9.2, 10.0, 9.65),
('HS080', 'MH011', 'HKI', 7.1, 6.2, 6.0, 6.25),
('HS080', 'MH011', 'HKII', 7.6, 8.8, 9.4, 8.90),
('HS080', 'MH012', 'HKI', 9.1, 9.4, 7.0, 8.15),
('HS080', 'MH012', 'HKII', 8.2, 9.3, 7.6, 8.27);
INSERT INTO chitiet_diem (ID_HOCSINH, ID_MONHOC, ID_HOCKY, diem15, diem45, diemck, diemtb) VALUES
('HS081', 'MH001', 'HKI', 6.7, 6.4, 6.0, 6.25),
('HS081', 'MH001', 'HKII', 9.0, 7.4, 9.1, 8.52),
('HS081', 'MH002', 'HKI', 7.3, 8.3, 8.0, 7.98),
('HS081', 'MH002', 'HKII', 8.9, 8.3, 8.7, 8.60),
('HS081', 'MH003', 'HKI', 10.0, 9.2, 8.8, 9.13),
('HS081', 'MH003', 'HKII', 6.7, 7.6, 8.3, 7.80),
('HS081', 'MH004', 'HKI', 10.0, 9.0, 9.5, 9.42),
('HS081', 'MH004', 'HKII', 4.5, 5.5, 6.3, 5.73),
('HS081', 'MH005', 'HKI', 7.7, 8.9, 7.2, 7.85),
('HS081', 'MH005', 'HKII', 6.6, 6.0, 6.1, 6.15),
('HS081', 'MH006', 'HKI', 7.0, 6.6, 5.9, 6.32),
('HS081', 'MH006', 'HKII', 4.8, 4.7, 6.5, 5.62),
('HS081', 'MH007', 'HKI', 9.1, 10.0, 10.0, 9.85),
('HS081', 'MH007', 'HKII', 5.1, 7.5, 6.2, 6.45),
('HS081', 'MH008', 'HKI', 8.0, 8.9, 8.3, 8.45),
('HS081', 'MH008', 'HKII', 9.6, 9.4, 8.9, 9.18),
('HS081', 'MH009', 'HKI', 7.9, 7.4, 10.0, 8.78),
('HS081', 'MH009', 'HKII', 7.1, 6.8, 5.9, 6.40),
('HS081', 'MH010', 'HKI', 6.4, 6.1, 6.3, 6.25),
('HS081', 'MH010', 'HKII', 10.0, 9.8, 9.5, 9.68),
('HS081', 'MH011', 'HKI', 10.0, 8.6, 8.2, 8.63),
('HS081', 'MH011', 'HKII', 9.5, 8.5, 10.0, 9.42),
('HS081', 'MH012', 'HKI', 9.2, 7.6, 9.6, 8.87),
('HS081', 'MH012', 'HKII', 7.8, 8.6, 7.6, 7.97),
('HS082', 'MH001', 'HKI', 6.9, 8.9, 8.8, 8.52),
('HS082', 'MH001', 'HKII', 7.9, 6.3, 7.3, 7.07),
('HS082', 'MH002', 'HKI', 6.2, 5.6, 6.9, 6.35),
('HS082', 'MH002', 'HKII', 9.7, 8.9, 8.8, 8.98),
('HS082', 'MH003', 'HKI', 8.6, 7.7, 9.4, 8.70),
('HS082', 'MH003', 'HKII', 4.9, 6.1, 7.0, 6.35);
INSERT INTO chitiet_diem (ID_HOCSINH, ID_MONHOC, ID_HOCKY, diem15, diem45, diemck, diemtb) VALUES
('HS082', 'MH004', 'HKI', 7.3, 7.0, 6.7, 6.90),
('HS082', 'MH004', 'HKII', 7.8, 7.2, 8.1, 7.75),
('HS082', 'MH005', 'HKI', 8.5, 8.0, 6.8, 7.48),
('HS082', 'MH005', 'HKII', 6.8, 7.8, 6.5, 6.98),
('HS082', 'MH006', 'HKI', 7.9, 7.6, 6.6, 7.15),
('HS082', 'MH006', 'HKII', 7.8, 6.1, 6.1, 6.38),
('HS082', 'MH007', 'HKI', 5.3, 6.0, 6.0, 5.88),
('HS082', 'MH007', 'HKII', 8.0, 6.1, 8.4, 7.57),
('HS082', 'MH008', 'HKI', 9.1, 7.9, 9.1, 8.70),
('HS082', 'MH008', 'HKII', 7.8, 5.5, 5.2, 5.73),
('HS082', 'MH009', 'HKI', 8.0, 8.8, 8.1, 8.32),
('HS082', 'MH009', 'HKII', 8.0, 7.9, 8.3, 8.12),
('HS082', 'MH010', 'HKI', 8.5, 7.7, 9.3, 8.63),
('HS082', 'MH010', 'HKII', 5.5, 5.6, 5.3, 5.43),
('HS082', 'MH011', 'HKI', 6.6, 5.3, 6.2, 5.97),
('HS082', 'MH011', 'HKII', 6.5, 5.9, 6.9, 6.50),
('HS082', 'MH012', 'HKI', 6.5, 5.0, 6.0, 5.75),
('HS082', 'MH012', 'HKII', 8.7, 8.4, 8.4, 8.45),
('HS083', 'MH001', 'HKI', 5.3, 6.5, 5.3, 5.70),
('HS083', 'MH001', 'HKII', 4.6, 7.1, 7.2, 6.73),
('HS083', 'MH002', 'HKI', 9.4, 9.3, 7.8, 8.57),
('HS083', 'MH002', 'HKII', 7.0, 6.1, 6.4, 6.40),
('HS083', 'MH003', 'HKI', 7.8, 7.2, 10.0, 8.70),
('HS083', 'MH003', 'HKII', 4.3, 7.3, 6.5, 6.40),
('HS083', 'MH004', 'HKI', 4.6, 5.0, 5.5, 5.18),
('HS083', 'MH004', 'HKII', 8.7, 9.4, 9.2, 9.18),
('HS083', 'MH005', 'HKI', 7.3, 6.9, 5.2, 6.12),
('HS083', 'MH005', 'HKII', 7.7, 8.3, 6.6, 7.35),
('HS083', 'MH006', 'HKI', 6.0, 6.1, 5.4, 5.73),
('HS083', 'MH006', 'HKII', 5.9, 5.9, 6.1, 6.00);
INSERT INTO chitiet_diem (ID_HOCSINH, ID_MONHOC, ID_HOCKY, diem15, diem45, diemck, diemtb) VALUES
('HS083', 'MH007', 'HKI', 7.2, 8.5, 7.1, 7.58),
('HS083', 'MH007', 'HKII', 9.5, 10.0, 9.4, 9.62),
('HS083', 'MH008', 'HKI', 8.7, 7.3, 8.7, 8.23),
('HS083', 'MH008', 'HKII', 6.7, 6.2, 7.9, 7.13),
('HS083', 'MH009', 'HKI', 10.0, 9.4, 8.9, 9.25),
('HS083', 'MH009', 'HKII', 4.9, 6.0, 6.6, 6.12),
('HS083', 'MH010', 'HKI', 7.1, 7.2, 6.5, 6.83),
('HS083', 'MH010', 'HKII', 8.1, 7.2, 6.7, 7.10),
('HS083', 'MH011', 'HKI', 6.6, 4.2, 5.8, 5.40),
('HS083', 'MH011', 'HKII', 6.5, 5.9, 5.2, 5.65),
('HS083', 'MH012', 'HKI', 6.4, 8.1, 8.5, 8.02),
('HS083', 'MH012', 'HKII', 6.8, 7.4, 7.6, 7.40),
('HS084', 'MH001', 'HKI', 8.9, 8.6, 9.9, 9.30),
('HS084', 'MH001', 'HKII', 9.0, 9.7, 8.0, 8.73),
('HS084', 'MH002', 'HKI', 8.1, 7.2, 8.0, 7.75),
('HS084', 'MH002', 'HKII', 8.3, 9.7, 9.5, 9.37),
('HS084', 'MH003', 'HKI', 6.2, 7.0, 5.9, 6.32),
('HS084', 'MH003', 'HKII', 7.2, 7.4, 6.6, 6.97),
('HS084', 'MH004', 'HKI', 8.8, 9.3, 9.1, 9.12),
('HS084', 'MH004', 'HKII', 8.6, 8.0, 7.9, 8.05),
('HS084', 'MH005', 'HKI', 6.7, 7.1, 6.3, 6.63),
('HS084', 'MH005', 'HKII', 7.1, 10.0, 10.0, 9.52),
('HS084', 'MH006', 'HKI', 4.0, 6.3, 4.8, 5.17),
('HS084', 'MH006', 'HKII', 6.0, 8.1, 7.0, 7.20),
('HS084', 'MH007', 'HKI', 9.0, 8.0, 7.9, 8.12),
('HS084', 'MH007', 'HKII', 5.0, 4.4, 6.1, 5.35),
('HS084', 'MH008', 'HKI', 8.5, 7.6, 10.0, 8.95),
('HS084', 'MH008', 'HKII', 7.7, 6.0, 8.2, 7.38),
('HS084', 'MH009', 'HKI', 7.3, 8.3, 7.6, 7.78),
('HS084', 'MH009', 'HKII', 8.6, 6.4, 7.9, 7.52);
INSERT INTO chitiet_diem (ID_HOCSINH, ID_MONHOC, ID_HOCKY, diem15, diem45, diemck, diemtb) VALUES
('HS084', 'MH010', 'HKI', 6.3, 7.5, 6.2, 6.65),
('HS084', 'MH010', 'HKII', 5.2, 6.5, 5.7, 5.88),
('HS084', 'MH011', 'HKI', 8.2, 8.3, 9.5, 8.88),
('HS084', 'MH011', 'HKII', 5.9, 6.8, 6.4, 6.45),
('HS084', 'MH012', 'HKI', 7.1, 8.3, 8.5, 8.20),
('HS084', 'MH012', 'HKII', 8.8, 7.9, 9.6, 8.90),
('HS085', 'MH001', 'HKI', 6.1, 5.7, 5.8, 5.82),
('HS085', 'MH001', 'HKII', 8.0, 6.7, 8.4, 7.77),
('HS085', 'MH002', 'HKI', 6.5, 5.4, 6.6, 6.18),
('HS085', 'MH002', 'HKII', 10.0, 9.4, 9.6, 9.60),
('HS085', 'MH003', 'HKI', 9.0, 8.1, 7.6, 8.00),
('HS085', 'MH003', 'HKII', 9.0, 9.4, 7.6, 8.43),
('HS085', 'MH004', 'HKI', 8.2, 7.3, 7.2, 7.40),
('HS085', 'MH004', 'HKII', 4.7, 4.9, 5.6, 5.22),
('HS085', 'MH005', 'HKI', 9.1, 10.0, 9.1, 9.40),
('HS085', 'MH005', 'HKII', 6.6, 6.7, 7.8, 7.23),
('HS085', 'MH006', 'HKI', 4.2, 6.0, 5.1, 5.25),
('HS085', 'MH006', 'HKII', 7.8, 8.6, 10.0, 9.17),
('HS085', 'MH007', 'HKI', 8.7, 8.9, 9.1, 8.97),
('HS085', 'MH007', 'HKII', 8.5, 7.0, 8.9, 8.20),
('HS085', 'MH008', 'HKI', 5.6, 4.7, 5.3, 5.15),
('HS085', 'MH008', 'HKII', 5.3, 6.9, 5.5, 5.93),
('HS085', 'MH009', 'HKI', 8.6, 10.0, 9.5, 9.52),
('HS085', 'MH009', 'HKII', 5.4, 5.9, 5.5, 5.62),
('HS085', 'MH010', 'HKI', 9.2, 8.1, 7.3, 7.88),
('HS085', 'MH010', 'HKII', 8.0, 9.1, 8.8, 8.77),
('HS085', 'MH011', 'HKI', 7.3, 10.0, 7.8, 8.45),
('HS085', 'MH011', 'HKII', 7.4, 8.1, 9.4, 8.63),
('HS085', 'MH012', 'HKI', 5.8, 5.5, 6.3, 5.95),
('HS085', 'MH012', 'HKII', 9.3, 9.1, 8.5, 8.83);
INSERT INTO chitiet_diem (ID_HOCSINH, ID_MONHOC, ID_HOCKY, diem15, diem45, diemck, diemtb) VALUES
('HS086', 'MH001', 'HKI', 6.2, 7.6, 6.6, 6.87),
('HS086', 'MH001', 'HKII', 7.4, 8.2, 6.7, 7.32),
('HS086', 'MH002', 'HKI', 6.2, 7.0, 5.7, 6.22),
('HS086', 'MH002', 'HKII', 9.0, 8.5, 8.8, 8.73),
('HS086', 'MH003', 'HKI', 8.9, 7.2, 6.1, 6.93),
('HS086', 'MH003', 'HKII', 6.2, 5.4, 5.9, 5.78),
('HS086', 'MH004', 'HKI', 6.7, 7.4, 6.4, 6.78),
('HS086', 'MH004', 'HKII', 6.6, 7.2, 6.3, 6.65),
('HS086', 'MH005', 'HKI', 5.6, 5.5, 5.7, 5.62),
('HS086', 'MH005', 'HKII', 8.0, 6.1, 7.4, 7.07),
('HS086', 'MH006', 'HKI', 7.6, 9.1, 7.3, 7.95),
('HS086', 'MH006', 'HKII', 8.0, 7.4, 7.7, 7.65),
('HS086', 'MH007', 'HKI', 7.6, 8.4, 6.6, 7.37),
('HS086', 'MH007', 'HKII', 7.1, 6.5, 8.1, 7.40),
('HS086', 'MH008', 'HKI', 8.0, 8.3, 7.8, 8.00),
('HS086', 'MH008', 'HKII', 6.0, 6.7, 6.0, 6.23),
('HS086', 'MH009', 'HKI', 10.0, 8.5, 8.7, 8.85),
('HS086', 'MH009', 'HKII', 7.4, 6.9, 8.1, 7.58),
('HS086', 'MH010', 'HKI', 6.4, 7.4, 5.0, 6.03),
('HS086', 'MH010', 'HKII', 9.3, 8.7, 8.9, 8.90),
('HS086', 'MH011', 'HKI', 5.8, 6.6, 7.9, 7.12),
('HS086', 'MH011', 'HKII', 5.8, 5.6, 6.5, 6.08),
('HS086', 'MH012', 'HKI', 6.6, 5.7, 5.7, 5.85),
('HS086', 'MH012', 'HKII', 9.1, 8.3, 8.5, 8.53),
('HS087', 'MH001', 'HKI', 8.3, 7.5, 7.2, 7.48),
('HS087', 'MH001', 'HKII', 6.8, 6.6, 6.6, 6.63),
('HS087', 'MH002', 'HKI', 6.7, 7.9, 7.1, 7.30),
('HS087', 'MH002', 'HKII', 6.2, 6.6, 7.7, 7.08),
('HS087', 'MH003', 'HKI', 8.7, 8.7, 8.6, 8.65),
('HS087', 'MH003', 'HKII', 8.3, 10.0, 8.3, 8.87);
INSERT INTO chitiet_diem (ID_HOCSINH, ID_MONHOC, ID_HOCKY, diem15, diem45, diemck, diemtb) VALUES
('HS087', 'MH004', 'HKI', 8.0, 7.5, 6.9, 7.28),
('HS087', 'MH004', 'HKII', 5.4, 5.2, 4.9, 5.08),
('HS087', 'MH005', 'HKI', 6.8, 7.4, 6.2, 6.70),
('HS087', 'MH005', 'HKII', 7.6, 6.7, 8.2, 7.60),
('HS087', 'MH006', 'HKI', 6.0, 4.7, 5.7, 5.42),
('HS087', 'MH006', 'HKII', 8.6, 9.4, 10.0, 9.57),
('HS087', 'MH007', 'HKI', 8.4, 8.4, 9.6, 9.00),
('HS087', 'MH007', 'HKII', 7.8, 6.5, 6.0, 6.47),
('HS087', 'MH008', 'HKI', 9.7, 10.0, 9.0, 9.45),
('HS087', 'MH008', 'HKII', 8.1, 7.3, 7.3, 7.43),
('HS087', 'MH009', 'HKI', 7.7, 6.8, 5.9, 6.50),
('HS087', 'MH009', 'HKII', 6.5, 7.5, 6.8, 6.98),
('HS087', 'MH010', 'HKI', 6.2, 6.3, 5.8, 6.03),
('HS087', 'MH010', 'HKII', 7.6, 7.3, 7.1, 7.25),
('HS087', 'MH011', 'HKI', 7.0, 5.4, 7.0, 6.47),
('HS087', 'MH011', 'HKII', 9.2, 10.0, 9.0, 9.37),
('HS087', 'MH012', 'HKI', 8.1, 8.1, 8.3, 8.20),
('HS087', 'MH012', 'HKII', 6.0, 4.8, 4.9, 5.05),
('HS088', 'MH001', 'HKI', 7.9, 6.8, 8.0, 7.58),
('HS088', 'MH001', 'HKII', 6.8, 6.8, 8.4, 7.60),
('HS088', 'MH002', 'HKI', 5.2, 4.9, 7.3, 6.15),
('HS088', 'MH002', 'HKII', 8.5, 8.0, 8.3, 8.23),
('HS088', 'MH003', 'HKI', 9.7, 8.7, 10.0, 9.52),
('HS088', 'MH003', 'HKII', 8.9, 8.4, 8.0, 8.28),
('HS088', 'MH004', 'HKI', 8.7, 7.8, 8.0, 8.05),
('HS088', 'MH004', 'HKII', 8.5, 9.0, 9.8, 9.32),
('HS088', 'MH005', 'HKI', 4.9, 4.5, 5.6, 5.12),
('HS088', 'MH005', 'HKII', 9.5, 7.9, 7.4, 7.92),
('HS088', 'MH006', 'HKI', 8.6, 8.1, 8.6, 8.43),
('HS088', 'MH006', 'HKII', 6.4, 7.1, 5.4, 6.13);
INSERT INTO chitiet_diem (ID_HOCSINH, ID_MONHOC, ID_HOCKY, diem15, diem45, diemck, diemtb) VALUES
('HS088', 'MH007', 'HKI', 7.3, 7.0, 9.0, 8.05),
('HS088', 'MH007', 'HKII', 7.9, 8.3, 6.0, 7.08),
('HS088', 'MH008', 'HKI', 7.9, 6.6, 7.8, 7.42),
('HS088', 'MH008', 'HKII', 8.8, 7.1, 8.0, 7.83),
('HS088', 'MH009', 'HKI', 9.9, 9.6, 9.9, 9.80),
('HS088', 'MH009', 'HKII', 9.7, 10.0, 7.6, 8.75),
('HS088', 'MH010', 'HKI', 8.0, 7.3, 8.6, 8.07),
('HS088', 'MH010', 'HKII', 4.8, 6.3, 5.5, 5.65),
('HS088', 'MH011', 'HKI', 7.0, 6.1, 7.3, 6.85),
('HS088', 'MH011', 'HKII', 8.7, 9.3, 9.4, 9.25),
('HS088', 'MH012', 'HKI', 7.2, 7.2, 6.6, 6.90),
('HS088', 'MH012', 'HKII', 6.9, 7.0, 6.0, 6.48),
('HS089', 'MH001', 'HKI', 6.2, 5.3, 5.0, 5.30),
('HS089', 'MH001', 'HKII', 4.0, 4.5, 6.2, 5.27),
('HS089', 'MH002', 'HKI', 9.2, 9.2, 9.2, 9.20),
('HS089', 'MH002', 'HKII', 9.8, 10.0, 9.2, 9.57),
('HS089', 'MH003', 'HKI', 5.8, 6.6, 5.5, 5.92),
('HS089', 'MH003', 'HKII', 7.6, 7.9, 7.7, 7.75),
('HS089', 'MH004', 'HKI', 5.8, 5.6, 5.7, 5.68),
('HS089', 'MH004', 'HKII', 7.9, 8.4, 9.1, 8.67),
('HS089', 'MH005', 'HKI', 8.8, 8.5, 10.0, 9.30),
('HS089', 'MH005', 'HKII', 5.5, 4.7, 6.8, 5.88),
('HS089', 'MH006', 'HKI', 7.3, 7.2, 6.3, 6.77),
('HS089', 'MH006', 'HKII', 6.6, 9.0, 7.7, 7.95),
('HS089', 'MH007', 'HKI', 8.9, 8.8, 9.1, 8.97),
('HS089', 'MH007', 'HKII', 5.1, 5.5, 5.1, 5.23),
('HS089', 'MH008', 'HKI', 8.4, 8.0, 9.5, 8.82),
('HS089', 'MH008', 'HKII', 9.6, 10.0, 9.3, 9.58),
('HS089', 'MH009', 'HKI', 9.8, 9.2, 9.1, 9.25),
('HS089', 'MH009', 'HKII', 6.6, 7.0, 6.7, 6.78);
INSERT INTO chitiet_diem (ID_HOCSINH, ID_MONHOC, ID_HOCKY, diem15, diem45, diemck, diemtb) VALUES
('HS089', 'MH010', 'HKI', 6.1, 5.4, 4.4, 5.02),
('HS089', 'MH010', 'HKII', 6.6, 5.0, 6.3, 5.92),
('HS089', 'MH011', 'HKI', 6.6, 6.8, 6.4, 6.57),
('HS089', 'MH011', 'HKII', 9.0, 8.4, 7.9, 8.25),
('HS089', 'MH012', 'HKI', 6.4, 6.5, 6.7, 6.58),
('HS089', 'MH012', 'HKII', 8.6, 8.1, 8.2, 8.23),
('HS090', 'MH001', 'HKI', 9.2, 9.6, 9.5, 9.48),
('HS090', 'MH001', 'HKII', 6.1, 5.8, 5.5, 5.70),
('HS090', 'MH002', 'HKI', 7.7, 8.4, 8.0, 8.08),
('HS090', 'MH002', 'HKII', 6.2, 6.6, 7.4, 6.93),
('HS090', 'MH003', 'HKI', 7.6, 5.7, 7.0, 6.67),
('HS090', 'MH003', 'HKII', 6.7, 6.7, 5.7, 6.20),
('HS090', 'MH004', 'HKI', 8.3, 6.0, 8.2, 7.48),
('HS090', 'MH004', 'HKII', 9.2, 10.0, 8.5, 9.12),
('HS090', 'MH005', 'HKI', 8.0, 6.1, 9.1, 7.92),
('HS090', 'MH005', 'HKII', 6.7, 4.4, 5.5, 5.33),
('HS090', 'MH006', 'HKI', 6.8, 8.3, 7.1, 7.45),
('HS090', 'MH006', 'HKII', 9.1, 10.0, 9.4, 9.55),
('HS090', 'MH007', 'HKI', 5.3, 5.3, 4.9, 5.10),
('HS090', 'MH007', 'HKII', 8.6, 9.1, 8.4, 8.67),
('HS090', 'MH008', 'HKI', 6.6, 7.2, 7.1, 7.05),
('HS090', 'MH008', 'HKII', 8.2, 8.6, 8.8, 8.63),
('HS090', 'MH009', 'HKI', 7.2, 7.7, 7.0, 7.27),
('HS090', 'MH009', 'HKII', 9.2, 9.0, 6.9, 7.98),
('HS090', 'MH010', 'HKI', 8.5, 8.5, 8.5, 8.50),
('HS090', 'MH010', 'HKII', 6.0, 5.3, 5.7, 5.62),
('HS090', 'MH011', 'HKI', 7.7, 8.1, 8.4, 8.18),
('HS090', 'MH011', 'HKII', 8.5, 10.0, 9.0, 9.25),
('HS090', 'MH012', 'HKI', 6.1, 7.5, 6.1, 6.57),
('HS090', 'MH012', 'HKII', 5.1, 6.0, 6.4, 6.05);
INSERT INTO chitiet_diem (ID_HOCSINH, ID_MONHOC, ID_HOCKY, diem15, diem45, diemck, diemtb) VALUES
('HS091', 'MH001', 'HKI', 8.6, 8.0, 7.9, 8.05),
('HS091', 'MH001', 'HKII', 5.2, 5.8, 5.7, 5.65),
('HS091', 'MH002', 'HKI', 10.0, 7.3, 7.2, 7.70),
('HS091', 'MH002', 'HKII', 7.8, 9.5, 9.0, 8.97),
('HS091', 'MH003', 'HKI', 9.6, 9.4, 9.0, 9.23),
('HS091', 'MH003', 'HKII', 7.9, 8.3, 9.1, 8.63),
('HS091', 'MH004', 'HKI', 7.8, 8.4, 7.4, 7.80),
('HS091', 'MH004', 'HKII', 7.4, 7.5, 8.3, 7.88),
('HS091', 'MH005', 'HKI', 6.2, 6.3, 6.0, 6.13),
('HS091', 'MH005', 'HKII', 8.1, 7.1, 5.3, 6.37),
('HS091', 'MH006', 'HKI', 7.3, 6.6, 6.9, 6.87),
('HS091', 'MH006', 'HKII', 8.5, 7.6, 7.5, 7.70),
('HS091', 'MH007', 'HKI', 8.3, 7.5, 7.4, 7.58),
('HS091', 'MH007', 'HKII', 6.7, 6.0, 5.8, 6.02),
('HS091', 'MH008', 'HKI', 6.6, 5.2, 7.1, 6.38),
('HS091', 'MH008', 'HKII', 9.1, 10.0, 9.8, 9.75),
('HS091', 'MH009', 'HKI', 4.8, 5.9, 5.5, 5.52),
('HS091', 'MH009', 'HKII', 7.0, 8.2, 5.6, 6.70),
('HS091', 'MH010', 'HKI', 10.0, 8.8, 9.0, 9.10),
('HS091', 'MH010', 'HKII', 6.9, 7.8, 5.9, 6.70),
('HS091', 'MH011', 'HKI', 8.7, 5.6, 8.0, 7.32),
('HS091', 'MH011', 'HKII', 4.6, 6.0, 5.4, 5.47),
('HS091', 'MH012', 'HKI', 4.7, 6.2, 5.1, 5.40),
('HS091', 'MH012', 'HKII', 8.1, 7.8, 8.7, 8.30),
('HS092', 'MH001', 'HKI', 2.6, 4.9, 2.3, 3.22),
('HS092', 'MH001', 'HKII', 3.7, 4.7, 3.2, 3.78),
('HS092', 'MH002', 'HKI', 2.2, 2.1, 3.8, 2.97),
('HS092', 'MH002', 'HKII', 3.1, 3.0, 4.0, 3.52),
('HS092', 'MH003', 'HKI', 3.5, 1.4, 2.7, 2.40),
('HS092', 'MH003', 'HKII', 4.6, 4.0, 4.5, 4.35);
INSERT INTO chitiet_diem (ID_HOCSINH, ID_MONHOC, ID_HOCKY, diem15, diem45, diemck, diemtb) VALUES
('HS092', 'MH004', 'HKI', 3.6, 3.2, 2.8, 3.07),
('HS092', 'MH004', 'HKII', 5.1, 2.6, 4.0, 3.72),
('HS092', 'MH005', 'HKI', 2.5, 1.6, 2.8, 2.35),
('HS092', 'MH005', 'HKII', 2.5, 1.4, 2.1, 1.93),
('HS092', 'MH006', 'HKI', 4.5, 2.1, 3.6, 3.25),
('HS092', 'MH006', 'HKII', 3.0, 2.9, 2.6, 2.77),
('HS092', 'MH007', 'HKI', 1.9, 3.3, 4.5, 3.67),
('HS092', 'MH007', 'HKII', 5.0, 2.9, 3.5, 3.55),
('HS092', 'MH008', 'HKI', 3.6, 3.6, 2.7, 3.15),
('HS092', 'MH008', 'HKII', 3.2, 4.9, 4.1, 4.22),
('HS092', 'MH009', 'HKI', 3.9, 3.9, 3.8, 3.85),
('HS092', 'MH009', 'HKII', 3.2, 1.6, 2.2, 2.17),
('HS092', 'MH010', 'HKI', 5.9, 5.1, 4.5, 4.93),
('HS092', 'MH010', 'HKII', 5.7, 4.8, 4.2, 4.65),
('HS092', 'MH011', 'HKI', 1.3, 1.9, 1.2, 1.45),
('HS092', 'MH011', 'HKII', 3.3, 1.9, 1.9, 2.13),
('HS092', 'MH012', 'HKI', 3.8, 3.9, 2.6, 3.23),
('HS092', 'MH012', 'HKII', 2.1, 1.5, 3.1, 2.40),
('HS093', 'MH001', 'HKI', 7.5, 7.0, 7.1, 7.13),
('HS093', 'MH001', 'HKII', 8.1, 8.5, 9.1, 8.73),
('HS093', 'MH002', 'HKI', 7.8, 9.6, 7.3, 8.15),
('HS093', 'MH002', 'HKII', 7.0, 7.2, 7.1, 7.12),
('HS093', 'MH003', 'HKI', 8.5, 8.8, 8.2, 8.45),
('HS093', 'MH003', 'HKII', 7.8, 9.3, 9.6, 9.20),
('HS093', 'MH004', 'HKI', 5.3, 5.6, 5.4, 5.45),
('HS093', 'MH004', 'HKII', 6.7, 7.0, 6.8, 6.85),
('HS093', 'MH005', 'HKI', 6.5, 7.4, 6.5, 6.80),
('HS093', 'MH005', 'HKII', 10.0, 8.1, 9.0, 8.87),
('HS093', 'MH006', 'HKI', 5.6, 6.4, 6.6, 6.37),
('HS093', 'MH006', 'HKII', 6.7, 5.0, 5.1, 5.33);
INSERT INTO chitiet_diem (ID_HOCSINH, ID_MONHOC, ID_HOCKY, diem15, diem45, diemck, diemtb) VALUES
('HS093', 'MH007', 'HKI', 8.7, 8.6, 7.7, 8.17),
('HS093', 'MH007', 'HKII', 7.1, 6.1, 6.7, 6.57),
('HS093', 'MH008', 'HKI', 10.0, 10.0, 10.0, 10.00),
('HS093', 'MH008', 'HKII', 10.0, 8.7, 9.5, 9.32),
('HS093', 'MH009', 'HKI', 4.0, 5.9, 5.0, 5.13),
('HS093', 'MH009', 'HKII', 9.9, 10.0, 10.0, 9.98),
('HS093', 'MH010', 'HKI', 6.4, 7.1, 7.3, 7.08),
('HS093', 'MH010', 'HKII', 5.3, 4.5, 6.2, 5.48),
('HS093', 'MH011', 'HKI', 9.6, 9.5, 8.3, 8.92),
('HS093', 'MH011', 'HKII', 7.9, 7.7, 7.9, 7.83),
('HS093', 'MH012', 'HKI', 7.1, 4.2, 5.0, 5.08),
('HS093', 'MH012', 'HKII', 8.5, 8.6, 8.8, 8.68),
('HS094', 'MH001', 'HKI', 6.0, 6.8, 6.3, 6.42),
('HS094', 'MH001', 'HKII', 5.4, 5.5, 5.3, 5.38),
('HS094', 'MH002', 'HKI', 9.6, 9.9, 9.2, 9.50),
('HS094', 'MH002', 'HKII', 5.7, 7.2, 5.6, 6.15),
('HS094', 'MH003', 'HKI', 4.7, 7.2, 6.1, 6.23),
('HS094', 'MH003', 'HKII', 6.2, 6.8, 7.0, 6.80),
('HS094', 'MH004', 'HKI', 5.3, 5.1, 5.9, 5.53),
('HS094', 'MH004', 'HKII', 8.9, 5.3, 7.7, 7.10),
('HS094', 'MH005', 'HKI', 5.9, 6.3, 6.4, 6.28),
('HS094', 'MH005', 'HKII', 6.9, 8.3, 8.3, 8.07),
('HS094', 'MH006', 'HKI', 5.2, 6.7, 6.4, 6.30),
('HS094', 'MH006', 'HKII', 6.5, 5.4, 4.8, 5.28),
('HS094', 'MH007', 'HKI', 6.1, 8.0, 6.6, 6.98),
('HS094', 'MH007', 'HKII', 9.5, 8.3, 8.5, 8.60),
('HS094', 'MH008', 'HKI', 9.3, 8.6, 7.8, 8.32),
('HS094', 'MH008', 'HKII', 9.4, 10.0, 8.4, 9.10),
('HS094', 'MH009', 'HKI', 8.7, 8.5, 7.8, 8.18),
('HS094', 'MH009', 'HKII', 9.9, 9.6, 8.3, 9.00);
INSERT INTO chitiet_diem (ID_HOCSINH, ID_MONHOC, ID_HOCKY, diem15, diem45, diemck, diemtb) VALUES
('HS094', 'MH010', 'HKI', 5.7, 7.7, 7.0, 7.02),
('HS094', 'MH010', 'HKII', 7.7, 6.7, 6.2, 6.62),
('HS094', 'MH011', 'HKI', 6.9, 7.9, 7.2, 7.38),
('HS094', 'MH011', 'HKII', 6.7, 8.3, 7.9, 7.83),
('HS094', 'MH012', 'HKI', 6.6, 6.9, 5.8, 6.30),
('HS094', 'MH012', 'HKII', 7.9, 7.1, 7.0, 7.18),
('HS095', 'MH001', 'HKI', 3.0, 5.1, 3.6, 4.00),
('HS095', 'MH001', 'HKII', 2.8, 3.9, 3.2, 3.37),
('HS095', 'MH002', 'HKI', 2.6, 3.4, 3.9, 3.52),
('HS095', 'MH002', 'HKII', 3.2, 3.6, 3.6, 3.53),
('HS095', 'MH003', 'HKI', 4.9, 4.3, 5.0, 4.75),
('HS095', 'MH003', 'HKII', 1.7, 2.1, 2.7, 2.33),
('HS095', 'MH004', 'HKI', 4.2, 3.7, 3.0, 3.43),
('HS095', 'MH004', 'HKII', 4.4, 4.2, 4.0, 4.13),
('HS095', 'MH005', 'HKI', 3.5, 4.1, 2.8, 3.35),
('HS095', 'MH005', 'HKII', 2.7, 0.9, 1.6, 1.55),
('HS095', 'MH006', 'HKI', 3.4, 4.3, 4.2, 4.10),
('HS095', 'MH006', 'HKII', 1.8, 1.5, 1.8, 1.70),
('HS095', 'MH007', 'HKI', 2.8, 1.7, 1.5, 1.78),
('HS095', 'MH007', 'HKII', 2.6, 0.7, 2.9, 2.12),
('HS095', 'MH008', 'HKI', 4.5, 3.5, 3.5, 3.67),
('HS095', 'MH008', 'HKII', 3.7, 3.6, 2.9, 3.27),
('HS095', 'MH009', 'HKI', 3.6, 3.3, 4.4, 3.90),
('HS095', 'MH009', 'HKII', 3.6, 3.4, 3.2, 3.33),
('HS095', 'MH010', 'HKI', 1.1, 3.6, 2.9, 2.83),
('HS095', 'MH010', 'HKII', 4.8, 4.2, 5.2, 4.80),
('HS095', 'MH011', 'HKI', 3.4, 5.6, 3.9, 4.38),
('HS095', 'MH011', 'HKII', 2.9, 3.4, 4.2, 3.72),
('HS095', 'MH012', 'HKI', 0.7, 3.7, 2.8, 2.75),
('HS095', 'MH012', 'HKII', 3.5, 2.9, 3.8, 3.45);
INSERT INTO chitiet_diem (ID_HOCSINH, ID_MONHOC, ID_HOCKY, diem15, diem45, diemck, diemtb) VALUES
('HS096', 'MH001', 'HKI', 6.9, 6.9, 5.8, 6.35),
('HS096', 'MH001', 'HKII', 7.4, 9.0, 7.3, 7.88),
('HS096', 'MH002', 'HKI', 10.0, 9.2, 8.8, 9.13),
('HS096', 'MH002', 'HKII', 6.2, 5.1, 5.9, 5.68),
('HS096', 'MH003', 'HKI', 7.6, 7.3, 6.8, 7.10),
('HS096', 'MH003', 'HKII', 8.0, 8.5, 8.8, 8.57),
('HS096', 'MH004', 'HKI', 8.3, 8.4, 10.0, 9.18),
('HS096', 'MH004', 'HKII', 7.7, 7.2, 9.3, 8.33),
('HS096', 'MH005', 'HKI', 8.9, 9.4, 8.7, 8.97),
('HS096', 'MH005', 'HKII', 6.5, 5.5, 4.9, 5.37),
('HS096', 'MH006', 'HKI', 8.1, 7.4, 6.4, 7.02),
('HS096', 'MH006', 'HKII', 5.6, 6.6, 5.6, 5.93),
('HS096', 'MH007', 'HKI', 8.3, 7.8, 7.7, 7.83),
('HS096', 'MH007', 'HKII', 4.9, 6.6, 6.8, 6.42),
('HS096', 'MH008', 'HKI', 7.5, 8.9, 7.7, 8.07),
('HS096', 'MH008', 'HKII', 7.2, 8.4, 7.1, 7.55),
('HS096', 'MH009', 'HKI', 6.7, 7.2, 6.7, 6.87),
('HS096', 'MH009', 'HKII', 9.1, 8.0, 9.4, 8.88),
('HS096', 'MH010', 'HKI', 8.5, 9.8, 10.0, 9.68),
('HS096', 'MH010', 'HKII', 8.9, 10.0, 8.3, 8.97),
('HS096', 'MH011', 'HKI', 8.1, 6.1, 5.9, 6.33),
('HS096', 'MH011', 'HKII', 5.3, 4.3, 5.6, 5.12),
('HS096', 'MH012', 'HKI', 5.5, 5.4, 6.4, 5.92),
('HS096', 'MH012', 'HKII', 6.4, 6.4, 5.7, 6.05),
('HS097', 'MH001', 'HKI', 1.4, 1.2, 3.9, 2.58),
('HS097', 'MH001', 'HKII', 1.2, 4.0, 3.3, 3.18),
('HS097', 'MH002', 'HKI', 1.8, 3.3, 3.3, 3.05),
('HS097', 'MH002', 'HKII', 4.9, 3.6, 4.5, 4.27),
('HS097', 'MH003', 'HKI', 1.3, 2.7, 1.2, 1.72),
('HS097', 'MH003', 'HKII', 2.6, 1.9, 1.7, 1.92);
INSERT INTO chitiet_diem (ID_HOCSINH, ID_MONHOC, ID_HOCKY, diem15, diem45, diemck, diemtb) VALUES
('HS097', 'MH004', 'HKI', 4.2, 4.3, 5.0, 4.63),
('HS097', 'MH004', 'HKII', 4.0, 3.7, 3.2, 3.50),
('HS097', 'MH005', 'HKI', 2.2, 3.2, 1.7, 2.28),
('HS097', 'MH005', 'HKII', 3.1, 3.2, 1.7, 2.43),
('HS097', 'MH006', 'HKI', 2.1, 2.8, 3.6, 3.08),
('HS097', 'MH006', 'HKII', 4.9, 2.6, 3.0, 3.18),
('HS097', 'MH007', 'HKI', 3.7, 2.4, 3.3, 3.07),
('HS097', 'MH007', 'HKII', 4.9, 4.7, 4.3, 4.53),
('HS097', 'MH008', 'HKI', 3.4, 3.5, 2.8, 3.13),
('HS097', 'MH008', 'HKII', 4.2, 2.9, 3.6, 3.47),
('HS097', 'MH009', 'HKI', 2.1, 3.7, 2.8, 2.98),
('HS097', 'MH009', 'HKII', 2.0, 2.9, 2.0, 2.30),
('HS097', 'MH010', 'HKI', 3.0, 2.5, 2.9, 2.78),
('HS097', 'MH010', 'HKII', 3.2, 2.0, 3.7, 3.05),
('HS097', 'MH011', 'HKI', 3.4, 3.3, 3.7, 3.52),
('HS097', 'MH011', 'HKII', 1.8, 2.2, 2.6, 2.33),
('HS097', 'MH012', 'HKI', 3.6, 4.5, 4.6, 4.40),
('HS097', 'MH012', 'HKII', 3.5, 1.9, 3.1, 2.77),
('HS098', 'MH001', 'HKI', 8.0, 7.4, 7.8, 7.70),
('HS098', 'MH001', 'HKII', 8.0, 9.1, 10.0, 9.37),
('HS098', 'MH002', 'HKI', 8.3, 9.0, 10.0, 9.38),
('HS098', 'MH002', 'HKII', 10.0, 10.0, 9.9, 9.95),
('HS098', 'MH003', 'HKI', 6.9, 7.7, 7.2, 7.32),
('HS098', 'MH003', 'HKII', 6.9, 8.1, 7.9, 7.80),
('HS098', 'MH004', 'HKI', 6.8, 6.6, 6.6, 6.63),
('HS098', 'MH004', 'HKII', 5.9, 4.9, 6.2, 5.72),
('HS098', 'MH005', 'HKI', 7.1, 6.5, 5.7, 6.20),
('HS098', 'MH005', 'HKII', 9.5, 9.0, 8.6, 8.88),
('HS098', 'MH006', 'HKI', 9.0, 7.9, 9.1, 8.68),
('HS098', 'MH006', 'HKII', 7.5, 10.0, 9.0, 9.08);
INSERT INTO chitiet_diem (ID_HOCSINH, ID_MONHOC, ID_HOCKY, diem15, diem45, diemck, diemtb) VALUES
('HS098', 'MH007', 'HKI', 10.0, 9.0, 9.6, 9.47),
('HS098', 'MH007', 'HKII', 9.7, 8.6, 8.6, 8.78),
('HS098', 'MH008', 'HKI', 7.8, 8.5, 6.6, 7.43),
('HS098', 'MH008', 'HKII', 6.3, 7.2, 8.4, 7.65),
('HS098', 'MH009', 'HKI', 8.9, 9.0, 7.5, 8.23),
('HS098', 'MH009', 'HKII', 8.2, 7.0, 8.8, 8.10),
('HS098', 'MH010', 'HKI', 8.6, 9.7, 8.5, 8.92),
('HS098', 'MH010', 'HKII', 9.2, 8.5, 8.7, 8.72),
('HS098', 'MH011', 'HKI', 9.8, 8.6, 9.2, 9.10),
('HS098', 'MH011', 'HKII', 7.1, 6.1, 7.3, 6.87),
('HS098', 'MH012', 'HKI', 7.2, 6.2, 7.0, 6.77),
('HS098', 'MH012', 'HKII', 6.3, 6.3, 7.2, 6.75),
('HS099', 'MH001', 'HKI', 2.9, 3.3, 3.7, 3.43),
('HS099', 'MH001', 'HKII', 3.7, 3.2, 3.1, 3.23),
('HS099', 'MH002', 'HKI', 3.1, 4.0, 3.0, 3.35),
('HS099', 'MH002', 'HKII', 2.1, 0.9, 2.0, 1.65),
('HS099', 'MH003', 'HKI', 5.0, 3.6, 4.1, 4.08),
('HS099', 'MH003', 'HKII', 2.4, 3.0, 2.3, 2.55),
('HS099', 'MH004', 'HKI', 3.8, 4.2, 3.9, 3.98),
('HS099', 'MH004', 'HKII', 1.3, 3.4, 1.9, 2.30),
('HS099', 'MH005', 'HKI', 4.9, 3.1, 4.4, 4.05),
('HS099', 'MH005', 'HKII', 3.2, 3.2, 2.9, 3.05),
('HS099', 'MH006', 'HKI', 2.6, 2.4, 2.5, 2.48),
('HS099', 'MH006', 'HKII', 4.4, 3.5, 5.2, 4.50),
('HS099', 'MH007', 'HKI', 3.3, 4.6, 4.5, 4.33),
('HS099', 'MH007', 'HKII', 2.5, 1.9, 2.6, 2.35),
('HS099', 'MH008', 'HKI', 3.4, 3.7, 4.1, 3.85),
('HS099', 'MH008', 'HKII', 4.1, 4.5, 4.6, 4.48),
('HS099', 'MH009', 'HKI', 4.9, 4.4, 2.7, 3.63),
('HS099', 'MH009', 'HKII', 4.1, 4.1, 3.1, 3.60);
INSERT INTO chitiet_diem (ID_HOCSINH, ID_MONHOC, ID_HOCKY, diem15, diem45, diemck, diemtb) VALUES
('HS099', 'MH010', 'HKI', 4.7, 4.8, 4.5, 4.63),
('HS099', 'MH010', 'HKII', 4.3, 2.2, 2.5, 2.70),
('HS099', 'MH011', 'HKI', 2.1, 4.3, 3.4, 3.48),
('HS099', 'MH011', 'HKII', 2.0, 2.3, 1.5, 1.85),
('HS099', 'MH012', 'HKI', 4.4, 3.2, 5.8, 4.70),
('HS099', 'MH012', 'HKII', 3.5, 2.8, 2.1, 2.57),
('HS100', 'MH001', 'HKI', 6.9, 6.5, 7.9, 7.27),
('HS100', 'MH001', 'HKII', 9.6, 9.4, 8.5, 8.98),
('HS100', 'MH002', 'HKI', 8.0, 7.3, 8.3, 7.92),
('HS100', 'MH002', 'HKII', 5.1, 5.6, 6.1, 5.77),
('HS100', 'MH003', 'HKI', 7.9, 9.6, 7.3, 8.17),
('HS100', 'MH003', 'HKII', 4.9, 6.9, 6.2, 6.22),
('HS100', 'MH004', 'HKI', 5.1, 5.4, 5.4, 5.35),
('HS100', 'MH004', 'HKII', 8.5, 8.5, 7.5, 8.00),
('HS100', 'MH005', 'HKI', 4.4, 5.9, 5.9, 5.65),
('HS100', 'MH005', 'HKII', 4.8, 7.5, 6.0, 6.30),
('HS100', 'MH006', 'HKI', 7.8, 9.1, 6.3, 7.48),
('HS100', 'MH006', 'HKII', 9.2, 9.1, 9.1, 9.12),
('HS100', 'MH007', 'HKI', 9.2, 9.9, 10.0, 9.83),
('HS100', 'MH007', 'HKII', 8.2, 5.5, 7.0, 6.70),
('HS100', 'MH008', 'HKI', 8.3, 10.0, 9.5, 9.47),
('HS100', 'MH008', 'HKII', 5.6, 5.5, 4.7, 5.12),
('HS100', 'MH009', 'HKI', 5.1, 4.3, 6.7, 5.63),
('HS100', 'MH009', 'HKII', 6.4, 6.8, 6.3, 6.48),
('HS100', 'MH010', 'HKI', 7.5, 7.2, 8.7, 8.00),
('HS100', 'MH010', 'HKII', 6.2, 5.7, 6.4, 6.13),
('HS100', 'MH011', 'HKI', 6.4, 8.5, 8.0, 7.90),
('HS100', 'MH011', 'HKII', 6.3, 6.7, 5.7, 6.13),
('HS100', 'MH012', 'HKI', 5.7, 7.6, 8.7, 7.83),
('HS100', 'MH012', 'HKII', 8.3, 7.9, 8.6, 8.32);
INSERT INTO chitiet_diem (ID_HOCSINH, ID_MONHOC, ID_HOCKY, diem15, diem45, diemck, diemtb) VALUES
('HS101', 'MH001', 'HKI', 8.7, 8.6, 9.2, 8.92),
('HS101', 'MH001', 'HKII', 10.0, 8.8, 9.5, 9.35),
('HS101', 'MH002', 'HKI', 8.5, 8.1, 9.7, 8.97),
('HS101', 'MH002', 'HKII', 7.9, 8.1, 8.0, 8.02),
('HS101', 'MH003', 'HKI', 6.0, 4.4, 5.9, 5.42),
('HS101', 'MH003', 'HKII', 7.5, 8.2, 9.0, 8.48),
('HS101', 'MH004', 'HKI', 8.0, 9.7, 7.2, 8.17),
('HS101', 'MH004', 'HKII', 7.6, 9.5, 9.0, 8.93),
('HS101', 'MH005', 'HKI', 7.4, 6.1, 7.4, 6.97),
('HS101', 'MH005', 'HKII', 5.8, 6.7, 6.2, 6.30),
('HS101', 'MH006', 'HKI', 8.4, 10.0, 9.3, 9.38),
('HS101', 'MH006', 'HKII', 9.1, 8.6, 9.9, 9.33),
('HS101', 'MH007', 'HKI', 5.0, 5.5, 6.6, 5.97),
('HS101', 'MH007', 'HKII', 8.0, 7.1, 8.6, 8.00),
('HS101', 'MH008', 'HKI', 8.4, 7.1, 8.6, 8.07),
('HS101', 'MH008', 'HKII', 7.7, 9.3, 9.1, 8.93),
('HS101', 'MH009', 'HKI', 7.9, 5.9, 9.7, 8.13),
('HS101', 'MH009', 'HKII', 7.0, 6.4, 6.8, 6.70),
('HS101', 'MH010', 'HKI', 8.0, 6.8, 8.4, 7.80),
('HS101', 'MH010', 'HKII', 7.0, 4.0, 5.5, 5.25),
('HS101', 'MH011', 'HKI', 6.1, 5.2, 6.6, 6.05),
('HS101', 'MH011', 'HKII', 6.7, 5.7, 6.6, 6.32),
('HS101', 'MH012', 'HKI', 8.5, 7.8, 8.1, 8.07),
('HS101', 'MH012', 'HKII', 6.6, 7.2, 6.6, 6.80),
('HS102', 'MH001', 'HKI', 3.8, 3.3, 2.6, 3.03),
('HS102', 'MH001', 'HKII', 4.1, 4.0, 4.7, 4.37),
('HS102', 'MH002', 'HKI', 3.8, 0.8, 2.0, 1.90),
('HS102', 'MH002', 'HKII', 3.2, 3.8, 2.3, 2.95),
('HS102', 'MH003', 'HKI', 6.0, 5.6, 4.0, 4.87),
('HS102', 'MH003', 'HKII', 3.6, 2.3, 2.9, 2.82);
INSERT INTO chitiet_diem (ID_HOCSINH, ID_MONHOC, ID_HOCKY, diem15, diem45, diemck, diemtb) VALUES
('HS102', 'MH004', 'HKI', 3.9, 4.4, 3.0, 3.62),
('HS102', 'MH004', 'HKII', 2.8, 3.7, 2.9, 3.15),
('HS102', 'MH005', 'HKI', 1.7, 2.5, 3.5, 2.87),
('HS102', 'MH005', 'HKII', 2.8, 4.2, 2.7, 3.22),
('HS102', 'MH006', 'HKI', 3.8, 3.2, 4.7, 4.05),
('HS102', 'MH006', 'HKII', 4.7, 3.2, 3.0, 3.35),
('HS102', 'MH007', 'HKI', 2.2, 3.4, 2.7, 2.85),
('HS102', 'MH007', 'HKII', 1.7, 4.1, 2.2, 2.75),
('HS102', 'MH008', 'HKI', 4.4, 5.1, 4.7, 4.78),
('HS102', 'MH008', 'HKII', 4.3, 4.4, 4.5, 4.43),
('HS102', 'MH009', 'HKI', 1.3, 3.4, 2.1, 2.40),
('HS102', 'MH009', 'HKII', 2.0, 4.5, 3.2, 3.43),
('HS102', 'MH010', 'HKI', 3.8, 3.9, 3.4, 3.63),
('HS102', 'MH010', 'HKII', 2.5, 3.3, 3.4, 3.22),
('HS102', 'MH011', 'HKI', 4.8, 5.3, 4.3, 4.72),
('HS102', 'MH011', 'HKII', 5.5, 4.5, 4.6, 4.72),
('HS102', 'MH012', 'HKI', 2.5, 0.8, 2.9, 2.13),
('HS102', 'MH012', 'HKII', 4.4, 3.3, 3.0, 3.33),
('HS103', 'MH001', 'HKI', 6.8, 6.4, 8.8, 7.67),
('HS103', 'MH001', 'HKII', 10.0, 8.9, 7.8, 8.53),
('HS103', 'MH002', 'HKI', 7.1, 8.3, 6.1, 7.00),
('HS103', 'MH002', 'HKII', 7.0, 5.0, 8.1, 6.88),
('HS103', 'MH003', 'HKI', 8.7, 8.6, 9.0, 8.82),
('HS103', 'MH003', 'HKII', 10.0, 9.7, 9.2, 9.50),
('HS103', 'MH004', 'HKI', 6.1, 7.9, 6.9, 7.10),
('HS103', 'MH004', 'HKII', 7.0, 5.0, 6.0, 5.83),
('HS103', 'MH005', 'HKI', 6.8, 7.0, 7.3, 7.12),
('HS103', 'MH005', 'HKII', 9.3, 9.3, 10.0, 9.65),
('HS103', 'MH006', 'HKI', 6.5, 7.1, 7.6, 7.25),
('HS103', 'MH006', 'HKII', 6.2, 6.7, 6.6, 6.57);
INSERT INTO chitiet_diem (ID_HOCSINH, ID_MONHOC, ID_HOCKY, diem15, diem45, diemck, diemtb) VALUES
('HS103', 'MH007', 'HKI', 6.7, 6.9, 6.1, 6.47),
('HS103', 'MH007', 'HKII', 9.8, 9.7, 9.4, 9.57),
('HS103', 'MH008', 'HKI', 9.3, 7.5, 7.6, 7.85),
('HS103', 'MH008', 'HKII', 8.4, 6.3, 6.5, 6.75),
('HS103', 'MH009', 'HKI', 7.5, 10.0, 8.5, 8.83),
('HS103', 'MH009', 'HKII', 7.7, 7.0, 8.4, 7.82),
('HS103', 'MH010', 'HKI', 7.1, 8.3, 7.1, 7.50),
('HS103', 'MH010', 'HKII', 9.0, 9.5, 8.3, 8.82),
('HS103', 'MH011', 'HKI', 6.3, 7.2, 6.1, 6.50),
('HS103', 'MH011', 'HKII', 7.0, 6.6, 7.8, 7.27),
('HS103', 'MH012', 'HKI', 9.5, 9.6, 8.2, 8.88),
('HS103', 'MH012', 'HKII', 8.6, 8.0, 6.9, 7.55),
('HS104', 'MH001', 'HKI', 5.5, 5.1, 6.4, 5.82),
('HS104', 'MH001', 'HKII', 6.0, 6.1, 5.5, 5.78),
('HS104', 'MH002', 'HKI', 6.9, 5.8, 6.4, 6.28),
('HS104', 'MH002', 'HKII', 8.4, 7.4, 7.1, 7.42),
('HS104', 'MH003', 'HKI', 8.2, 9.2, 8.6, 8.73),
('HS104', 'MH003', 'HKII', 6.5, 5.5, 6.3, 6.07),
('HS104', 'MH004', 'HKI', 7.2, 9.0, 8.0, 8.20),
('HS104', 'MH004', 'HKII', 8.9, 9.0, 7.3, 8.13),
('HS104', 'MH005', 'HKI', 9.4, 8.9, 9.2, 9.13),
('HS104', 'MH005', 'HKII', 6.2, 5.0, 6.7, 6.05),
('HS104', 'MH006', 'HKI', 6.8, 5.2, 6.9, 6.32),
('HS104', 'MH006', 'HKII', 6.0, 5.5, 5.4, 5.53),
('HS104', 'MH007', 'HKI', 10.0, 9.8, 9.4, 9.63),
('HS104', 'MH007', 'HKII', 5.9, 6.3, 6.2, 6.18),
('HS104', 'MH008', 'HKI', 6.3, 7.3, 6.2, 6.58),
('HS104', 'MH008', 'HKII', 7.5, 8.7, 7.5, 7.90),
('HS104', 'MH009', 'HKI', 8.4, 9.9, 8.7, 9.05),
('HS104', 'MH009', 'HKII', 6.9, 6.3, 5.3, 5.90);
INSERT INTO chitiet_diem (ID_HOCSINH, ID_MONHOC, ID_HOCKY, diem15, diem45, diemck, diemtb) VALUES
('HS104', 'MH010', 'HKI', 7.3, 6.4, 6.4, 6.55),
('HS104', 'MH010', 'HKII', 6.1, 5.5, 4.9, 5.30),
('HS104', 'MH011', 'HKI', 7.8, 8.5, 8.1, 8.18),
('HS104', 'MH011', 'HKII', 6.5, 5.7, 7.2, 6.58),
('HS104', 'MH012', 'HKI', 8.4, 7.3, 7.9, 7.78),
('HS104', 'MH012', 'HKII', 6.0, 7.6, 6.5, 6.78),
('HS105', 'MH001', 'HKI', 7.3, 7.0, 4.6, 5.85),
('HS105', 'MH001', 'HKII', 7.2, 7.7, 8.0, 7.77),
('HS105', 'MH002', 'HKI', 5.9, 6.0, 7.1, 6.53),
('HS105', 'MH002', 'HKII', 7.9, 7.8, 6.8, 7.32),
('HS105', 'MH003', 'HKI', 6.0, 6.5, 8.0, 7.17),
('HS105', 'MH003', 'HKII', 6.1, 6.0, 5.9, 5.97),
('HS105', 'MH004', 'HKI', 9.0, 9.2, 9.5, 9.32),
('HS105', 'MH004', 'HKII', 6.7, 6.5, 4.6, 5.58),
('HS105', 'MH005', 'HKI', 5.5, 6.6, 7.4, 6.82),
('HS105', 'MH005', 'HKII', 10.0, 9.5, 9.8, 9.73),
('HS105', 'MH006', 'HKI', 7.0, 7.4, 6.4, 6.83),
('HS105', 'MH006', 'HKII', 10.0, 8.8, 9.1, 9.15),
('HS105', 'MH007', 'HKI', 5.9, 5.1, 4.8, 5.08),
('HS105', 'MH007', 'HKII', 7.4, 3.9, 5.6, 5.33),
('HS105', 'MH008', 'HKI', 9.0, 9.6, 8.0, 8.70),
('HS105', 'MH008', 'HKII', 4.7, 6.6, 6.8, 6.38),
('HS105', 'MH009', 'HKI', 9.8, 8.5, 9.9, 9.42),
('HS105', 'MH009', 'HKII', 5.0, 5.5, 5.1, 5.22),
('HS105', 'MH010', 'HKI', 9.7, 9.7, 9.9, 9.80),
('HS105', 'MH010', 'HKII', 8.2, 8.7, 9.2, 8.87),
('HS105', 'MH011', 'HKI', 4.7, 5.8, 5.8, 5.62),
('HS105', 'MH011', 'HKII', 7.8, 6.6, 7.4, 7.20),
('HS105', 'MH012', 'HKI', 8.3, 8.1, 7.2, 7.68),
('HS105', 'MH012', 'HKII', 8.5, 7.1, 8.9, 8.23);

