-- Seed data for Student Management System
USE student_management;

SET SQL_SAFE_UPDATES = 0;
SET FOREIGN_KEY_CHECKS = 0;

-- Clear old data in safe order
DELETE FROM CHITIET_DIEM;
DELETE FROM HOCSINH;
DELETE FROM MONHOC;
DELETE FROM HOCKY;
DELETE FROM LOP;
DELETE FROM THAMSO;

SET FOREIGN_KEY_CHECKS = 1;

-- Classes
INSERT INTO LOP(ID_LOP, TEN_LOP, SI_SO) VALUES
('L001', '10A1', 6),
('L002', '10A2', 6),
('L003', '10A3', 6),
('L004', '10A4', 6),
('L005', '11A1', 6),
('L006', '11A2', 6),
('L007', '11A3', 6),
('L008', '12A1', 6),
('L009', '12A2', 6);

-- Subjects
INSERT INTO MONHOC(ID_MONHOC, TEN_MONHOC) VALUES
('MH001', 'Toan'),
('MH002', 'Ly'),
('MH003', 'Hoa'),
('MH004', 'Sinh'),
('MH005', 'Su'),
('MH006', 'Dia'),
('MH007', 'Van'),
('MH008', 'Dao Duc'),
('MH009', 'The Duc');

-- Terms
INSERT INTO HOCKY(ID_HOCKY, TEN_HOCKY, NAM_HOC) VALUES
('HKI', 'Hoc ky I', '2024'),
('HKII', 'Hoc ky II', '2024');

-- Rules / parameters
INSERT INTO THAMSO(ID_THAMSO, TEN_THAMSO, KIEU_THAMSO, GIATRI_THAMSO) VALUES
('TS001', 'QD1_MIN_TUOI', 1, '15'),
('TS002', 'QD1_MAX_TUOI', 1, '20'),
('TS003', 'QD2_SI_SO_TOI_DA', 1, '40'),
('TS004', 'QD2_SO_LOP_KHOI10', 1, '4'),
('TS005', 'QD2_SO_LOP_KHOI11', 1, '3'),
('TS006', 'QD2_SO_LOP_KHOI12', 1, '2'),
('TS007', 'QD4_SO_MON_HOC', 1, '9'),
('TS008', 'QD5_DIEM_DAT', 1, '5');

-- Students (54 students, 6 per class)
INSERT INTO HOCSINH(ID_HOCSINH, ID_LOP, TEN, GIOI_TINH, NGAY_SINH, DIA_CHI, EMAIL) VALUES
('HS001', 'L001', 'Tran Thi Binh', 'Nam', '2007-01-10', 'TP.HCM', 'hs001@gmail.com'),
('HS002', 'L001', 'Le Minh Chi', 'Nu', '2007-03-15', 'TP.HCM', 'hs002@gmail.com'),
('HS003', 'L001', 'Pham Ngoc Dung', 'Nam', '2007-05-20', 'Binh Duong', 'hs003@gmail.com'),
('HS004', 'L001', 'Vo Duc Em', 'Nu', '2007-07-25', 'TP.HCM', 'hs004@gmail.com'),
('HS005', 'L001', 'Ho Quang Giang', 'Nam', '2007-09-12', 'TP.HCM', 'hs005@gmail.com'),
('HS006', 'L001', 'Dang Anh Han', 'Nu', '2007-11-18', 'Binh Duong', 'hs006@gmail.com'),
('HS007', 'L002', 'Bui Tuan Khoa', 'Nam', '2008-02-09', 'TP.HCM', 'hs007@gmail.com'),
('HS008', 'L002', 'Do Gia Linh', 'Nu', '2008-04-14', 'TP.HCM', 'hs008@gmail.com'),
('HS009', 'L002', 'Duong Khanh My', 'Nam', '2008-06-19', 'Binh Duong', 'hs009@gmail.com'),
('HS010', 'L002', 'Ngo Bao Nam', 'Nu', '2008-08-24', 'TP.HCM', 'hs010@gmail.com'),
('HS011', 'L002', 'Huynh Thanh Oanh', 'Nam', '2008-10-08', 'TP.HCM', 'hs011@gmail.com'),
('HS012', 'L002', 'Nguyen Van Phuc', 'Nu', '2008-12-13', 'Binh Duong', 'hs012@gmail.com'),
('HS013', 'L003', 'Tran Thi Quyen', 'Nam', '2009-01-17', 'TP.HCM', 'hs013@gmail.com'),
('HS014', 'L003', 'Le Minh Trang', 'Nu', '2009-03-22', 'TP.HCM', 'hs014@gmail.com'),
('HS015', 'L003', 'Pham Ngoc Uyen', 'Nam', '2009-05-27', 'Binh Duong', 'hs015@gmail.com'),
('HS016', 'L003', 'Vo Duc Vy', 'Nu', '2009-07-30', 'TP.HCM', 'hs016@gmail.com'),
('HS017', 'L003', 'Ho Quang Yen', 'Nam', '2009-09-05', 'TP.HCM', 'hs017@gmail.com'),
('HS018', 'L003', 'Dang Anh Zin', 'Nu', '2009-11-11', 'Binh Duong', 'hs018@gmail.com'),
('HS019', 'L004', 'Bui Tuan An', 'Nam', '2010-01-06', 'TP.HCM', 'hs019@gmail.com'),
('HS020', 'L004', 'Do Gia Binh', 'Nu', '2010-02-18', 'TP.HCM', 'hs020@gmail.com'),
('HS021', 'L004', 'Duong Khanh Chi', 'Nam', '2010-04-23', 'Binh Duong', 'hs021@gmail.com'),
('HS022', 'L004', 'Ngo Bao Dung', 'Nu', '2010-06-28', 'TP.HCM', 'hs022@gmail.com'),
('HS023', 'L004', 'Huynh Thanh Em', 'Nam', '2010-08-03', 'TP.HCM', 'hs023@gmail.com'),
('HS024', 'L004', 'Nguyen Van Giang', 'Nu', '2010-10-16', 'Binh Duong', 'hs024@gmail.com'),
('HS025', 'L005', 'Tran Thi Han', 'Nam', '2007-01-10', 'TP.HCM', 'hs025@gmail.com'),
('HS026', 'L005', 'Le Minh Khoa', 'Nu', '2007-03-15', 'TP.HCM', 'hs026@gmail.com'),
('HS027', 'L005', 'Pham Ngoc Linh', 'Nam', '2007-05-20', 'Binh Duong', 'hs027@gmail.com'),
('HS028', 'L005', 'Vo Duc My', 'Nu', '2007-07-25', 'TP.HCM', 'hs028@gmail.com'),
('HS029', 'L005', 'Ho Quang Nam', 'Nam', '2007-09-12', 'TP.HCM', 'hs029@gmail.com'),
('HS030', 'L005', 'Dang Anh Oanh', 'Nu', '2007-11-18', 'Binh Duong', 'hs030@gmail.com'),
('HS031', 'L006', 'Bui Tuan Phuc', 'Nam', '2008-02-09', 'TP.HCM', 'hs031@gmail.com'),
('HS032', 'L006', 'Do Gia Quyen', 'Nu', '2008-04-14', 'TP.HCM', 'hs032@gmail.com'),
('HS033', 'L006', 'Duong Khanh Trang', 'Nam', '2008-06-19', 'Binh Duong', 'hs033@gmail.com'),
('HS034', 'L006', 'Ngo Bao Uyen', 'Nu', '2008-08-24', 'TP.HCM', 'hs034@gmail.com'),
('HS035', 'L006', 'Huynh Thanh Vy', 'Nam', '2008-10-08', 'TP.HCM', 'hs035@gmail.com'),
('HS036', 'L006', 'Nguyen Van Yen', 'Nu', '2008-12-13', 'Binh Duong', 'hs036@gmail.com'),
('HS037', 'L007', 'Tran Thi Zin', 'Nam', '2009-01-17', 'TP.HCM', 'hs037@gmail.com'),
('HS038', 'L007', 'Le Minh An', 'Nu', '2009-03-22', 'TP.HCM', 'hs038@gmail.com'),
('HS039', 'L007', 'Pham Ngoc Binh', 'Nam', '2009-05-27', 'Binh Duong', 'hs039@gmail.com'),
('HS040', 'L007', 'Vo Duc Chi', 'Nu', '2009-07-30', 'TP.HCM', 'hs040@gmail.com'),
('HS041', 'L007', 'Ho Quang Dung', 'Nam', '2009-09-05', 'TP.HCM', 'hs041@gmail.com'),
('HS042', 'L007', 'Dang Anh Em', 'Nu', '2009-11-11', 'Binh Duong', 'hs042@gmail.com'),
('HS043', 'L008', 'Bui Tuan Giang', 'Nam', '2010-01-06', 'TP.HCM', 'hs043@gmail.com'),
('HS044', 'L008', 'Do Gia Han', 'Nu', '2010-02-18', 'TP.HCM', 'hs044@gmail.com'),
('HS045', 'L008', 'Duong Khanh Khoa', 'Nam', '2010-04-23', 'Binh Duong', 'hs045@gmail.com'),
('HS046', 'L008', 'Ngo Bao Linh', 'Nu', '2010-06-28', 'TP.HCM', 'hs046@gmail.com'),
('HS047', 'L008', 'Huynh Thanh My', 'Nam', '2010-08-03', 'TP.HCM', 'hs047@gmail.com'),
('HS048', 'L008', 'Nguyen Van Nam', 'Nu', '2010-10-16', 'Binh Duong', 'hs048@gmail.com'),
('HS049', 'L009', 'Tran Thi Oanh', 'Nam', '2007-01-10', 'TP.HCM', 'hs049@gmail.com'),
('HS050', 'L009', 'Le Minh Phuc', 'Nu', '2007-03-15', 'TP.HCM', 'hs050@gmail.com'),
('HS051', 'L009', 'Pham Ngoc Quyen', 'Nam', '2007-05-20', 'Binh Duong', 'hs051@gmail.com'),
('HS052', 'L009', 'Vo Duc Trang', 'Nu', '2007-07-25', 'TP.HCM', 'hs052@gmail.com'),
('HS053', 'L009', 'Ho Quang Uyen', 'Nam', '2007-09-12', 'TP.HCM', 'hs053@gmail.com'),
('HS054', 'L009', 'Dang Anh Vy', 'Nu', '2007-11-18', 'Binh Duong', 'hs054@gmail.com');

-- Scores: Toan, Ly, Hoa for both semesters
INSERT INTO CHITIET_DIEM(ID_HOCSINH, ID_MONHOC, ID_HOCKY, DIEM15, DIEM45, DIEMTB) VALUES
('HS001', 'MH001', 'HKI', 6.40, 6.65, 6.53),
('HS001', 'MH002', 'HKI', 7.50, 7.70, 7.60),
('HS001', 'MH003', 'HKI', 7.70, 7.75, 7.72),
('HS001', 'MH001', 'HKII', 7.20, 7.45, 7.33),
('HS001', 'MH002', 'HKII', 8.30, 8.50, 8.40),
('HS001', 'MH003', 'HKII', 3.70, 3.75, 3.73),
('HS002', 'MH001', 'HKI', 7.50, 7.70, 7.60),
('HS002', 'MH002', 'HKI', 8.00, 7.75, 7.88),
('HS002', 'MH003', 'HKI', 3.70, 4.00, 3.85),
('HS002', 'MH001', 'HKII', 8.30, 8.50, 8.40),
('HS002', 'MH002', 'HKII', 4.00, 3.75, 3.88),
('HS002', 'MH003', 'HKII', 4.20, 4.50, 4.35),
('HS003', 'MH001', 'HKI', 7.70, 7.75, 7.72),
('HS003', 'MH002', 'HKI', 3.70, 4.00, 3.85),
('HS003', 'MH003', 'HKI', 3.20, 3.75, 3.48),
('HS003', 'MH001', 'HKII', 3.70, 3.75, 3.73),
('HS003', 'MH002', 'HKII', 4.20, 4.50, 4.35),
('HS003', 'MH003', 'HKII', 5.30, 5.85, 5.57),
('HS004', 'MH001', 'HKI', 4.00, 4.00, 4.00),
('HS004', 'MH002', 'HKI', 3.80, 3.75, 3.77),
('HS004', 'MH003', 'HKI', 5.30, 6.10, 5.70),
('HS004', 'MH001', 'HKII', 4.50, 4.50, 4.50),
('HS004', 'MH002', 'HKII', 5.90, 5.85, 5.88),
('HS004', 'MH003', 'HKII', 6.10, 6.90, 6.50),
('HS005', 'MH001', 'HKI', 3.80, 3.75, 3.77),
('HS005', 'MH002', 'HKI', 5.60, 6.10, 5.85),
('HS005', 'MH003', 'HKI', 6.10, 6.15, 6.12),
('HS005', 'MH001', 'HKII', 5.90, 5.85, 5.88),
('HS005', 'MH002', 'HKII', 6.40, 6.90, 6.65),
('HS005', 'MH003', 'HKII', 6.90, 6.95, 6.93),
('HS006', 'MH001', 'HKI', 5.30, 6.10, 5.70),
('HS006', 'MH002', 'HKI', 6.10, 6.15, 6.12),
('HS006', 'MH003', 'HKI', 6.90, 7.20, 7.05),
('HS006', 'MH001', 'HKII', 6.10, 6.90, 6.50),
('HS006', 'MH002', 'HKII', 6.90, 6.95, 6.93),
('HS006', 'MH003', 'HKII', 7.70, 8.00, 7.85),
('HS007', 'MH001', 'HKI', 6.40, 6.15, 6.28),
('HS007', 'MH002', 'HKI', 7.50, 7.20, 7.35),
('HS007', 'MH003', 'HKI', 7.70, 8.25, 7.97),
('HS007', 'MH001', 'HKII', 7.20, 6.95, 7.08),
('HS007', 'MH002', 'HKII', 8.30, 8.00, 8.15),
('HS007', 'MH003', 'HKII', 3.70, 4.25, 3.98),
('HS008', 'MH001', 'HKI', 7.50, 7.20, 7.35),
('HS008', 'MH002', 'HKI', 8.00, 8.25, 8.12),
('HS008', 'MH003', 'HKI', 3.70, 4.50, 4.10),
('HS008', 'MH001', 'HKII', 8.30, 8.00, 8.15),
('HS008', 'MH002', 'HKII', 4.00, 4.25, 4.12),
('HS008', 'MH003', 'HKII', 4.50, 5.30, 4.90),
('HS009', 'MH001', 'HKI', 7.70, 8.25, 7.97),
('HS009', 'MH002', 'HKI', 3.70, 4.50, 4.10),
('HS009', 'MH003', 'HKI', 4.50, 4.55, 4.53),
('HS009', 'MH001', 'HKII', 3.70, 4.25, 3.98),
('HS009', 'MH002', 'HKII', 4.50, 5.30, 4.90),
('HS009', 'MH003', 'HKII', 3.20, 3.25, 3.23),
('HS010', 'MH001', 'HKI', 4.00, 4.50, 4.25),
('HS010', 'MH002', 'HKI', 5.10, 4.55, 4.82),
('HS010', 'MH003', 'HKI', 4.20, 4.50, 4.35),
('HS010', 'MH001', 'HKII', 4.80, 5.30, 5.05),
('HS010', 'MH002', 'HKII', 3.80, 3.25, 3.52),
('HS010', 'MH003', 'HKII', 6.10, 6.40, 6.25),
('HS011', 'MH001', 'HKI', 5.10, 4.55, 4.82),
('HS011', 'MH002', 'HKI', 4.50, 4.50, 4.50),
('HS011', 'MH003', 'HKI', 6.10, 6.65, 6.38),
('HS011', 'MH001', 'HKII', 3.80, 3.25, 3.52),
('HS011', 'MH002', 'HKII', 6.40, 6.40, 6.40),
('HS011', 'MH003', 'HKII', 6.90, 7.45, 7.18),
('HS012', 'MH001', 'HKI', 4.20, 4.50, 4.35),
('HS012', 'MH002', 'HKI', 6.10, 6.65, 6.38),
('HS012', 'MH003', 'HKI', 6.90, 7.70, 7.30),
('HS012', 'MH001', 'HKII', 6.10, 6.40, 6.25),
('HS012', 'MH002', 'HKII', 6.90, 7.45, 7.18),
('HS012', 'MH003', 'HKII', 7.70, 8.50, 8.10),
('HS013', 'MH001', 'HKI', 6.40, 6.65, 6.53),
('HS013', 'MH002', 'HKI', 7.50, 7.70, 7.60),
('HS013', 'MH003', 'HKI', 7.70, 7.75, 7.72),
('HS013', 'MH001', 'HKII', 7.20, 7.45, 7.33),
('HS013', 'MH002', 'HKII', 8.30, 8.50, 8.40),
('HS013', 'MH003', 'HKII', 3.70, 3.75, 3.73),
('HS014', 'MH001', 'HKI', 7.50, 7.70, 7.60),
('HS014', 'MH002', 'HKI', 8.00, 7.75, 7.88),
('HS014', 'MH003', 'HKI', 3.70, 4.00, 3.85),
('HS014', 'MH001', 'HKII', 8.30, 8.50, 8.40),
('HS014', 'MH002', 'HKII', 4.00, 3.75, 3.88),
('HS014', 'MH003', 'HKII', 4.50, 4.80, 4.65),
('HS015', 'MH001', 'HKI', 7.70, 7.75, 7.72),
('HS015', 'MH002', 'HKI', 3.70, 4.00, 3.85),
('HS015', 'MH003', 'HKI', 4.50, 5.05, 4.78),
('HS015', 'MH001', 'HKII', 3.70, 3.75, 3.73),
('HS015', 'MH002', 'HKII', 4.50, 4.80, 4.65),
('HS015', 'MH003', 'HKII', 5.30, 5.85, 5.57),
('HS016', 'MH001', 'HKI', 4.00, 4.00, 4.00),
('HS016', 'MH002', 'HKI', 5.10, 5.05, 5.07),
('HS016', 'MH003', 'HKI', 5.30, 6.10, 5.70),
('HS016', 'MH001', 'HKII', 4.80, 4.80, 4.80),
('HS016', 'MH002', 'HKII', 5.90, 5.85, 5.88),
('HS016', 'MH003', 'HKII', 4.20, 5.00, 4.60),
('HS017', 'MH001', 'HKI', 5.10, 5.05, 5.07),
('HS017', 'MH002', 'HKI', 5.60, 6.10, 5.85),
('HS017', 'MH003', 'HKI', 3.20, 3.25, 3.23),
('HS017', 'MH001', 'HKII', 5.90, 5.85, 5.88),
('HS017', 'MH002', 'HKII', 4.50, 5.00, 4.75),
('HS017', 'MH003', 'HKII', 6.90, 6.95, 6.93),
('HS018', 'MH001', 'HKI', 5.30, 6.10, 5.70),
('HS018', 'MH002', 'HKI', 3.20, 3.25, 3.23),
('HS018', 'MH003', 'HKI', 6.90, 7.20, 7.05),
('HS018', 'MH001', 'HKII', 4.20, 5.00, 4.60),
('HS018', 'MH002', 'HKII', 6.90, 6.95, 6.93),
('HS018', 'MH003', 'HKII', 7.70, 8.00, 7.85),
('HS019', 'MH001', 'HKI', 3.50, 3.25, 3.38),
('HS019', 'MH002', 'HKI', 7.50, 7.20, 7.35),
('HS019', 'MH003', 'HKI', 7.70, 8.25, 7.97),
('HS019', 'MH001', 'HKII', 7.20, 6.95, 7.08),
('HS019', 'MH002', 'HKII', 8.30, 8.00, 8.15),
('HS019', 'MH003', 'HKII', 3.70, 4.25, 3.98),
('HS020', 'MH001', 'HKI', 7.50, 7.20, 7.35),
('HS020', 'MH002', 'HKI', 8.00, 8.25, 8.12),
('HS020', 'MH003', 'HKI', 3.70, 4.50, 4.10),
('HS020', 'MH001', 'HKII', 8.30, 8.00, 8.15),
('HS020', 'MH002', 'HKII', 4.00, 4.25, 4.12),
('HS020', 'MH003', 'HKII', 4.50, 5.30, 4.90),
('HS021', 'MH001', 'HKI', 7.70, 8.25, 7.97),
('HS021', 'MH002', 'HKI', 3.70, 4.50, 4.10),
('HS021', 'MH003', 'HKI', 4.50, 4.55, 4.53),
('HS021', 'MH001', 'HKII', 3.70, 4.25, 3.98),
('HS021', 'MH002', 'HKII', 4.50, 5.30, 4.90),
('HS021', 'MH003', 'HKII', 5.30, 5.35, 5.32),
('HS022', 'MH001', 'HKI', 4.00, 4.50, 4.25),
('HS022', 'MH002', 'HKI', 5.10, 4.55, 4.82),
('HS022', 'MH003', 'HKI', 5.30, 5.60, 5.45),
('HS022', 'MH001', 'HKII', 4.80, 5.30, 5.05),
('HS022', 'MH002', 'HKII', 5.90, 5.35, 5.62),
('HS022', 'MH003', 'HKII', 6.10, 6.40, 6.25),
('HS023', 'MH001', 'HKI', 5.10, 4.55, 4.82),
('HS023', 'MH002', 'HKI', 5.60, 5.60, 5.60),
('HS023', 'MH003', 'HKI', 6.10, 6.65, 6.38),
('HS023', 'MH001', 'HKII', 5.90, 5.35, 5.62),
('HS023', 'MH002', 'HKII', 6.40, 6.40, 6.40),
('HS023', 'MH003', 'HKII', 3.20, 3.75, 3.48),
('HS024', 'MH001', 'HKI', 5.30, 5.60, 5.45),
('HS024', 'MH002', 'HKI', 6.10, 6.65, 6.38),
('HS024', 'MH003', 'HKI', 4.20, 5.00, 4.60),
('HS024', 'MH001', 'HKII', 6.10, 6.40, 6.25),
('HS024', 'MH002', 'HKII', 3.20, 3.75, 3.48),
('HS024', 'MH003', 'HKII', 7.70, 8.50, 8.10),
('HS025', 'MH001', 'HKI', 6.40, 6.65, 6.53),
('HS025', 'MH002', 'HKI', 4.80, 5.00, 4.90),
('HS025', 'MH003', 'HKI', 7.70, 7.75, 7.72),
('HS025', 'MH001', 'HKII', 3.50, 3.75, 3.62),
('HS025', 'MH002', 'HKII', 8.30, 8.50, 8.40),
('HS025', 'MH003', 'HKII', 3.70, 3.75, 3.73),
('HS026', 'MH001', 'HKI', 4.80, 5.00, 4.90),
('HS026', 'MH002', 'HKI', 8.00, 7.75, 7.88),
('HS026', 'MH003', 'HKI', 3.70, 4.00, 3.85),
('HS026', 'MH001', 'HKII', 8.30, 8.50, 8.40),
('HS026', 'MH002', 'HKII', 4.00, 3.75, 3.88),
('HS026', 'MH003', 'HKII', 4.50, 4.80, 4.65),
('HS027', 'MH001', 'HKI', 7.70, 7.75, 7.72),
('HS027', 'MH002', 'HKI', 3.70, 4.00, 3.85),
('HS027', 'MH003', 'HKI', 4.50, 5.05, 4.78),
('HS027', 'MH001', 'HKII', 3.70, 3.75, 3.73),
('HS027', 'MH002', 'HKII', 4.50, 4.80, 4.65),
('HS027', 'MH003', 'HKII', 5.30, 5.85, 5.57),
('HS028', 'MH001', 'HKI', 4.00, 4.00, 4.00),
('HS028', 'MH002', 'HKI', 5.10, 5.05, 5.07),
('HS028', 'MH003', 'HKI', 5.30, 6.10, 5.70),
('HS028', 'MH001', 'HKII', 4.80, 4.80, 4.80),
('HS028', 'MH002', 'HKII', 5.90, 5.85, 5.88),
('HS028', 'MH003', 'HKII', 6.10, 6.90, 6.50),
('HS029', 'MH001', 'HKI', 5.10, 5.05, 5.07),
('HS029', 'MH002', 'HKI', 5.60, 6.10, 5.85),
('HS029', 'MH003', 'HKI', 6.10, 6.15, 6.12),
('HS029', 'MH001', 'HKII', 5.90, 5.85, 5.88),
('HS029', 'MH002', 'HKII', 6.40, 6.90, 6.65),
('HS029', 'MH003', 'HKII', 6.90, 6.95, 6.93),
('HS030', 'MH001', 'HKI', 5.30, 6.10, 5.70),
('HS030', 'MH002', 'HKI', 6.10, 6.15, 6.12),
('HS030', 'MH003', 'HKI', 6.90, 7.20, 7.05),
('HS030', 'MH001', 'HKII', 6.10, 6.90, 6.50),
('HS030', 'MH002', 'HKII', 6.90, 6.95, 6.93),
('HS030', 'MH003', 'HKII', 4.20, 4.50, 4.35),
('HS031', 'MH001', 'HKI', 6.40, 6.15, 6.28),
('HS031', 'MH002', 'HKI', 7.50, 7.20, 7.35),
('HS031', 'MH003', 'HKI', 3.20, 3.75, 3.48),
('HS031', 'MH001', 'HKII', 7.20, 6.95, 7.08),
('HS031', 'MH002', 'HKII', 4.80, 4.50, 4.65),
('HS031', 'MH003', 'HKII', 3.70, 4.25, 3.98),
('HS032', 'MH001', 'HKI', 7.50, 7.20, 7.35),
('HS032', 'MH002', 'HKI', 3.50, 3.75, 3.62),
('HS032', 'MH003', 'HKI', 3.70, 4.50, 4.10),
('HS032', 'MH001', 'HKII', 4.80, 4.50, 4.65),
('HS032', 'MH002', 'HKII', 4.00, 4.25, 4.12),
('HS032', 'MH003', 'HKII', 4.50, 5.30, 4.90),
('HS033', 'MH001', 'HKI', 3.20, 3.75, 3.48),
('HS033', 'MH002', 'HKI', 3.70, 4.50, 4.10),
('HS033', 'MH003', 'HKI', 4.50, 4.55, 4.53),
('HS033', 'MH001', 'HKII', 3.70, 4.25, 3.98),
('HS033', 'MH002', 'HKII', 4.50, 5.30, 4.90),
('HS033', 'MH003', 'HKII', 5.30, 5.35, 5.32),
('HS034', 'MH001', 'HKI', 4.00, 4.50, 4.25),
('HS034', 'MH002', 'HKI', 5.10, 4.55, 4.82),
('HS034', 'MH003', 'HKI', 5.30, 5.60, 5.45),
('HS034', 'MH001', 'HKII', 4.80, 5.30, 5.05),
('HS034', 'MH002', 'HKII', 5.90, 5.35, 5.62),
('HS034', 'MH003', 'HKII', 6.10, 6.40, 6.25),
('HS035', 'MH001', 'HKI', 5.10, 4.55, 4.82),
('HS035', 'MH002', 'HKI', 5.60, 5.60, 5.60),
('HS035', 'MH003', 'HKI', 6.10, 6.65, 6.38),
('HS035', 'MH001', 'HKII', 5.90, 5.35, 5.62),
('HS035', 'MH002', 'HKII', 6.40, 6.40, 6.40),
('HS035', 'MH003', 'HKII', 6.90, 7.45, 7.18),
('HS036', 'MH001', 'HKI', 5.30, 5.60, 5.45),
('HS036', 'MH002', 'HKI', 6.10, 6.65, 6.38),
('HS036', 'MH003', 'HKI', 6.90, 7.70, 7.30),
('HS036', 'MH001', 'HKII', 6.10, 6.40, 6.25),
('HS036', 'MH002', 'HKII', 6.90, 7.45, 7.18),
('HS036', 'MH003', 'HKII', 7.70, 8.50, 8.10),
('HS037', 'MH001', 'HKI', 6.40, 6.65, 6.53),
('HS037', 'MH002', 'HKI', 7.50, 7.70, 7.60),
('HS037', 'MH003', 'HKI', 7.70, 7.75, 7.72),
('HS037', 'MH001', 'HKII', 7.20, 7.45, 7.33),
('HS037', 'MH002', 'HKII', 8.30, 8.50, 8.40),
('HS037', 'MH003', 'HKII', 3.20, 3.25, 3.23),
('HS038', 'MH001', 'HKI', 7.50, 7.70, 7.60),
('HS038', 'MH002', 'HKI', 8.00, 7.75, 7.88),
('HS038', 'MH003', 'HKI', 4.20, 4.50, 4.35),
('HS038', 'MH001', 'HKII', 8.30, 8.50, 8.40),
('HS038', 'MH002', 'HKII', 3.50, 3.25, 3.38),
('HS038', 'MH003', 'HKII', 4.50, 4.80, 4.65),
('HS039', 'MH001', 'HKI', 7.70, 7.75, 7.72),
('HS039', 'MH002', 'HKI', 4.20, 4.50, 4.35),
('HS039', 'MH003', 'HKI', 4.50, 5.05, 4.78),
('HS039', 'MH001', 'HKII', 3.20, 3.25, 3.23),
('HS039', 'MH002', 'HKII', 4.50, 4.80, 4.65),
('HS039', 'MH003', 'HKII', 5.30, 5.85, 5.57),
('HS040', 'MH001', 'HKI', 4.50, 4.50, 4.50),
('HS040', 'MH002', 'HKI', 5.10, 5.05, 5.07),
('HS040', 'MH003', 'HKI', 5.30, 6.10, 5.70),
('HS040', 'MH001', 'HKII', 4.80, 4.80, 4.80),
('HS040', 'MH002', 'HKII', 5.90, 5.85, 5.88),
('HS040', 'MH003', 'HKII', 6.10, 6.90, 6.50),
('HS041', 'MH001', 'HKI', 5.10, 5.05, 5.07),
('HS041', 'MH002', 'HKI', 5.60, 6.10, 5.85),
('HS041', 'MH003', 'HKI', 6.10, 6.15, 6.12),
('HS041', 'MH001', 'HKII', 5.90, 5.85, 5.88),
('HS041', 'MH002', 'HKII', 6.40, 6.90, 6.65),
('HS041', 'MH003', 'HKII', 6.90, 6.95, 6.93),
('HS042', 'MH001', 'HKI', 5.30, 6.10, 5.70),
('HS042', 'MH002', 'HKI', 6.10, 6.15, 6.12),
('HS042', 'MH003', 'HKI', 6.90, 7.20, 7.05),
('HS042', 'MH001', 'HKII', 6.10, 6.90, 6.50),
('HS042', 'MH002', 'HKII', 6.90, 6.95, 6.93),
('HS042', 'MH003', 'HKII', 7.70, 8.00, 7.85),
('HS043', 'MH001', 'HKI', 6.40, 6.15, 6.28),
('HS043', 'MH002', 'HKI', 7.50, 7.20, 7.35),
('HS043', 'MH003', 'HKI', 7.70, 8.25, 7.97),
('HS043', 'MH001', 'HKII', 7.20, 6.95, 7.08),
('HS043', 'MH002', 'HKII', 8.30, 8.00, 8.15),
('HS043', 'MH003', 'HKII', 3.70, 4.25, 3.98),
('HS044', 'MH001', 'HKI', 7.50, 7.20, 7.35),
('HS044', 'MH002', 'HKI', 8.00, 8.25, 8.12),
('HS044', 'MH003', 'HKI', 3.70, 4.50, 4.10),
('HS044', 'MH001', 'HKII', 8.30, 8.00, 8.15),
('HS044', 'MH002', 'HKII', 4.00, 4.25, 4.12),
('HS044', 'MH003', 'HKII', 4.20, 5.00, 4.60),
('HS045', 'MH001', 'HKI', 7.70, 8.25, 7.97),
('HS045', 'MH002', 'HKI', 3.70, 4.50, 4.10),
('HS045', 'MH003', 'HKI', 3.20, 3.25, 3.23),
('HS045', 'MH001', 'HKII', 3.70, 4.25, 3.98),
('HS045', 'MH002', 'HKII', 4.20, 5.00, 4.60),
('HS045', 'MH003', 'HKII', 5.30, 5.35, 5.32),
('HS046', 'MH001', 'HKI', 4.00, 4.50, 4.25),
('HS046', 'MH002', 'HKI', 3.80, 3.25, 3.52),
('HS046', 'MH003', 'HKI', 5.30, 5.60, 5.45),
('HS046', 'MH001', 'HKII', 4.50, 5.00, 4.75),
('HS046', 'MH002', 'HKII', 5.90, 5.35, 5.62),
('HS046', 'MH003', 'HKII', 6.10, 6.40, 6.25),
('HS047', 'MH001', 'HKI', 3.80, 3.25, 3.52),
('HS047', 'MH002', 'HKI', 5.60, 5.60, 5.60),
('HS047', 'MH003', 'HKI', 6.10, 6.65, 6.38),
('HS047', 'MH001', 'HKII', 5.90, 5.35, 5.62),
('HS047', 'MH002', 'HKII', 6.40, 6.40, 6.40),
('HS047', 'MH003', 'HKII', 6.90, 7.45, 7.18),
('HS048', 'MH001', 'HKI', 5.30, 5.60, 5.45),
('HS048', 'MH002', 'HKI', 6.10, 6.65, 6.38),
('HS048', 'MH003', 'HKI', 6.90, 7.70, 7.30),
('HS048', 'MH001', 'HKII', 6.10, 6.40, 6.25),
('HS048', 'MH002', 'HKII', 6.90, 7.45, 7.18),
('HS048', 'MH003', 'HKII', 7.70, 8.50, 8.10),
('HS049', 'MH001', 'HKI', 6.40, 6.65, 6.53),
('HS049', 'MH002', 'HKI', 7.50, 7.70, 7.60),
('HS049', 'MH003', 'HKI', 7.70, 7.75, 7.72),
('HS049', 'MH001', 'HKII', 7.20, 7.45, 7.33),
('HS049', 'MH002', 'HKII', 8.30, 8.50, 8.40),
('HS049', 'MH003', 'HKII', 3.70, 3.75, 3.73),
('HS050', 'MH001', 'HKI', 7.50, 7.70, 7.60),
('HS050', 'MH002', 'HKI', 8.00, 7.75, 7.88),
('HS050', 'MH003', 'HKI', 3.70, 4.00, 3.85),
('HS050', 'MH001', 'HKII', 8.30, 8.50, 8.40),
('HS050', 'MH002', 'HKII', 4.00, 3.75, 3.88),
('HS050', 'MH003', 'HKII', 4.50, 4.80, 4.65),
('HS051', 'MH001', 'HKI', 7.70, 7.75, 7.72),
('HS051', 'MH002', 'HKI', 3.70, 4.00, 3.85),
('HS051', 'MH003', 'HKI', 4.50, 5.05, 4.78),
('HS051', 'MH001', 'HKII', 3.70, 3.75, 3.73),
('HS051', 'MH002', 'HKII', 4.50, 4.80, 4.65),
('HS051', 'MH003', 'HKII', 3.20, 3.75, 3.48),
('HS052', 'MH001', 'HKI', 4.00, 4.00, 4.00),
('HS052', 'MH002', 'HKI', 5.10, 5.05, 5.07),
('HS052', 'MH003', 'HKI', 4.20, 5.00, 4.60),
('HS052', 'MH001', 'HKII', 4.80, 4.80, 4.80),
('HS052', 'MH002', 'HKII', 3.80, 3.75, 3.77),
('HS052', 'MH003', 'HKII', 6.10, 6.90, 6.50),
('HS053', 'MH001', 'HKI', 5.10, 5.05, 5.07),
('HS053', 'MH002', 'HKI', 4.50, 5.00, 4.75),
('HS053', 'MH003', 'HKI', 6.10, 6.15, 6.12),
('HS053', 'MH001', 'HKII', 3.80, 3.75, 3.77),
('HS053', 'MH002', 'HKII', 6.40, 6.90, 6.65),
('HS053', 'MH003', 'HKII', 6.90, 6.95, 6.93),
('HS054', 'MH001', 'HKI', 4.20, 5.00, 4.60),
('HS054', 'MH002', 'HKI', 6.10, 6.15, 6.12),
('HS054', 'MH003', 'HKI', 6.90, 7.20, 7.05),
('HS054', 'MH001', 'HKII', 6.10, 6.90, 6.50),
('HS054', 'MH002', 'HKII', 6.90, 6.95, 6.93),
('HS054', 'MH003', 'HKII', 7.70, 8.00, 7.85);

SET SQL_SAFE_UPDATES = 1;

-- End of seed data